Country,Year,Temperature
Åland,2008,0.208916667
Åland,2009,-0.79425
Åland,2010,-2.421416667
Åland,2011,-0.112583333
Åland,2012,-1.219416667
Åland,2013,-1.053583333
Åland,2000,0
Åland,2001,-0.881833333
Åland,2002,-0.48225
Åland,2003,-0.959916667
Åland,2004,-0.764666667
Åland,2005,-0.55925
Åland,2006,-0.18275
Åland,2007,-0.254333333
Afghanistan,2008,-0.281333333
Afghanistan,2009,-0.240083333
Afghanistan,2010,0.330833333
Afghanistan,2011,0.020166667
Afghanistan,2012,-1.01625
Afghanistan,2013,1.035791667
Afghanistan,2000,0
Afghanistan,2001,0.28025
Afghanistan,2002,0.039833333
Afghanistan,2003,-0.581833333
Afghanistan,2004,0.273083333
Afghanistan,2005,-0.517833333
Afghanistan,2006,0.09775
Afghanistan,2007,-0.391666667
Africa,2008,0.166583333
Africa,2009,0.438416667
Africa,2010,0.884416667
Africa,2011,0.198416667
Africa,2012,0.137833333
Africa,2013,0.620666667
Africa,2000,0
Africa,2001,0.253083333
Africa,2002,0.37325
Africa,2003,0.4375
Africa,2004,0.307833333
Africa,2005,0.568083333
Africa,2006,0.230833333
Africa,2007,0.263416667
Albania,2008,0.208583333
Albania,2009,0.097666667
Albania,2010,0.028833333
Albania,2011,-0.303333333
Albania,2012,0.021666667
Albania,2013,1.247291667
Albania,2000,0
Albania,2001,-0.056166667
Albania,2002,-0.186666667
Albania,2003,-0.12
Albania,2004,-0.488416667
Albania,2005,-0.9995
Albania,2006,-0.769666667
Albania,2007,0.143916667
Algeria,2008,-0.082
Algeria,2009,0.122083333
Algeria,2010,1.183416667
Algeria,2011,0.111916667
Algeria,2012,-0.077416667
Algeria,2013,1.08925
Algeria,2000,0
Algeria,2001,0.692166667
Algeria,2002,0.23075
Algeria,2003,0.361416667
Algeria,2004,-0.11625
Algeria,2005,0.190333333
Algeria,2006,0.168583333
Algeria,2007,0.033083333
American Samoa,2008,-0.22475
American Samoa,2009,-0.185583333
American Samoa,2010,0.233583333
American Samoa,2011,-0.210333333
American Samoa,2012,-0.018416667
American Samoa,2013,0.297416667
American Samoa,2000,0
American Samoa,2001,0.00775
American Samoa,2002,0.318083333
American Samoa,2003,0.045
American Samoa,2004,0.061333333
American Samoa,2005,0.153666667
American Samoa,2006,-0.138583333
American Samoa,2007,0.232583333
Andorra,2008,-0.333333333
Andorra,2009,0.25475
Andorra,2010,-0.831083333
Andorra,2011,0.6825
Andorra,2012,0.028
Andorra,2013,-0.004041667
Andorra,2000,0
Andorra,2001,-0.095833333
Andorra,2002,0.007666667
Andorra,2003,0.58875
Andorra,2004,-0.268916667
Andorra,2005,-0.6685
Andorra,2006,0.522416667
Andorra,2007,-0.156666667
Angola,2008,-0.073333333
Angola,2009,-0.044166667
Angola,2010,0.320833333
Angola,2011,-0.331
Angola,2012,-0.237333333
Angola,2013,0.147208333
Angola,2000,0
Angola,2001,0.14225
Angola,2002,0.564833333
Angola,2003,0.705916667
Angola,2004,0.212166667
Angola,2005,0.605416667
Angola,2006,-0.413583333
Angola,2007,0.066416667
Anguilla,2008,0.087666667
Anguilla,2009,0.415833333
Anguilla,2010,0.80325
Anguilla,2011,0.475583333
Anguilla,2012,0.5865
Anguilla,2013,0.31025
Anguilla,2000,0
Anguilla,2001,0.35575
Anguilla,2002,0.4855
Anguilla,2003,0.624666667
Anguilla,2004,0.28125
Anguilla,2005,0.679583333
Anguilla,2006,0.5835
Anguilla,2007,0.632333333
Antarctica,2008,0
Antarctica,2009,0
Antarctica,2010,0
Antarctica,2011,0
Antarctica,2012,0
Antarctica,2013,0
Antarctica,2000,0
Antarctica,2001,0
Antarctica,2002,0
Antarctica,2003,0
Antarctica,2004,0
Antarctica,2005,0
Antarctica,2006,0
Antarctica,2007,0
Antigua And Barbuda,2008,0.073333333
Antigua And Barbuda,2009,0.38525
Antigua And Barbuda,2010,0.843333333
Antigua And Barbuda,2011,0.404083333
Antigua And Barbuda,2012,0.541416667
Antigua And Barbuda,2013,0.357541667
Antigua And Barbuda,2000,0
Antigua And Barbuda,2001,0.36175
Antigua And Barbuda,2002,0.469666667
Antigua And Barbuda,2003,0.62175
Antigua And Barbuda,2004,0.259083333
Antigua And Barbuda,2005,0.706083333
Antigua And Barbuda,2006,0.574333333
Antigua And Barbuda,2007,0.617
Argentina,2008,0.7255
Argentina,2009,0.783916667
Argentina,2010,0.328333333
Argentina,2011,0.589166667
Argentina,2012,0.9385
Argentina,2013,-0.293375
Argentina,2000,0
Argentina,2001,0.619916667
Argentina,2002,0.43325
Argentina,2003,0.767833333
Argentina,2004,0.691666667
Argentina,2005,0.362333333
Argentina,2006,0.810583333
Argentina,2007,-0.122416667
Armenia,2008,-0.211416667
Armenia,2009,-0.076083333
Armenia,2010,1.591333333
Armenia,2011,-0.782166667
Armenia,2012,0.432583333
Armenia,2013,1.425583333
Armenia,2000,0
Armenia,2001,0.52525
Armenia,2002,-0.313166667
Armenia,2003,-0.495083333
Armenia,2004,-0.198
Armenia,2005,-0.18275
Armenia,2006,0.135333333
Armenia,2007,-0.382916667
Aruba,2008,0.32225
Aruba,2009,0.704
Aruba,2010,0.840333333
Aruba,2011,0.385333333
Aruba,2012,0.524333333
Aruba,2013,0.41325
Aruba,2000,0
Aruba,2001,0.502916667
Aruba,2002,0.72125
Aruba,2003,0.721666667
Aruba,2004,0.378
Aruba,2005,0.64425
Aruba,2006,0.676666667
Aruba,2007,0.694833333
Asia,2008,0.512416667
Asia,2009,0.18975
Asia,2010,0.323
Asia,2011,0.321416667
Asia,2012,0.17675
Asia,2013,1.794791667
Asia,2000,0
Asia,2001,0.198333333
Asia,2002,0.39275
Asia,2003,0.281416667
Asia,2004,0.23625
Asia,2005,0.414083333
Asia,2006,0.154333333
Asia,2007,0.848083333
Australia,2008,0.51625
Australia,2009,0.980916667
Australia,2010,0.3685
Australia,2011,0.057333333
Australia,2012,0.314833333
Australia,2013,0.433208333
Australia,2000,0
Australia,2001,0.083083333
Australia,2002,0.751166667
Australia,2003,0.730666667
Australia,2004,0.57725
Australia,2005,1.187166667
Australia,2006,0.55475
Australia,2007,0.777083333
Austria,2008,-0.283
Austria,2009,-0.468916667
Austria,2010,-1.435833333
Austria,2011,-0.229333333
Austria,2012,-0.473583333
Austria,2013,-0.029791667
Austria,2000,0
Austria,2001,-0.896
Austria,2002,-0.169666667
Austria,2003,-0.575583333
Austria,2004,-1.178833333
Austria,2005,-1.475416667
Austria,2006,-0.807333333
Austria,2007,-0.108416667
Azerbaijan,2008,-0.2665
Azerbaijan,2009,-0.020333333
Azerbaijan,2010,1.330666667
Azerbaijan,2011,-0.823333333
Azerbaijan,2012,0.45475
Azerbaijan,2013,1.541875
Azerbaijan,2000,0
Azerbaijan,2001,0.46525
Azerbaijan,2002,-0.19975
Azerbaijan,2003,-0.64725
Azerbaijan,2004,-0.0125
Azerbaijan,2005,0.05525
Azerbaijan,2006,0.08025
Azerbaijan,2007,-0.117166667
Bahamas,2008,0.450583333
Bahamas,2009,0.32
Bahamas,2010,-0.22
Bahamas,2011,0.554083333
Bahamas,2012,0.36725
Bahamas,2013,0.5625
Bahamas,2000,0
Bahamas,2001,0.1315
Bahamas,2002,0.667083333
Bahamas,2003,0.731166667
Bahamas,2004,0.400583333
Bahamas,2005,0.3525
Bahamas,2006,0.266583333
Bahamas,2007,0.585583333
Bahrain,2008,-0.037666667
Bahrain,2009,0.239583333
Bahrain,2010,0.998916667
Bahrain,2011,0.033083333
Bahrain,2012,0.458583333
Bahrain,2013,0.854625
Bahrain,2000,0
Bahrain,2001,0.36025
Bahrain,2002,0.195666667
Bahrain,2003,0.299916667
Bahrain,2004,0.0795
Bahrain,2005,-0.087583333
Bahrain,2006,0.1505
Bahrain,2007,0.145333333
Baker Island,2008,-0.146666667
Baker Island,2009,0.29825
Baker Island,2010,0.293083333
Baker Island,2011,0.013833333
Baker Island,2012,0.26925
Baker Island,2013,0.519583333
Baker Island,2000,0
Baker Island,2001,0.125416667
Baker Island,2002,0.335916667
Baker Island,2003,0.213416667
Baker Island,2004,0.164083333
Baker Island,2005,0.19725
Baker Island,2006,0.248083333
Baker Island,2007,0.165416667
Bangladesh,2008,0.239333333
Bangladesh,2009,0.75475
Bangladesh,2010,0.790166667
Bangladesh,2011,0.054916667
Bangladesh,2012,0.383416667
Bangladesh,2013,0.817333333
Bangladesh,2000,0
Bangladesh,2001,0.186833333
Bangladesh,2002,0.230166667
Bangladesh,2003,0.130666667
Bangladesh,2004,0.236166667
Bangladesh,2005,0.381833333
Bangladesh,2006,0.6155
Bangladesh,2007,0.193583333
Barbados,2008,0.10175
Barbados,2009,0.41825
Barbados,2010,0.942583333
Barbados,2011,0.493166667
Barbados,2012,0.444583333
Barbados,2013,0.349041667
Barbados,2000,0
Barbados,2001,0.31975
Barbados,2002,0.364
Barbados,2003,0.538
Barbados,2004,0.323333333
Barbados,2005,0.775083333
Barbados,2006,0.600166667
Barbados,2007,0.464333333
Belarus,2008,0.220916667
Belarus,2009,-0.713416667
Belarus,2010,-0.872583333
Belarus,2011,-0.321333333
Belarus,2012,-1.074666667
Belarus,2013,0.356666667
Belarus,2000,0
Belarus,2001,-0.817583333
Belarus,2002,-0.207916667
Belarus,2003,-1.184916667
Belarus,2004,-1.004
Belarus,2005,-0.94175
Belarus,2006,-0.91775
Belarus,2007,0.018333333
Belgium,2008,-0.529333333
Belgium,2009,-0.40575
Belgium,2010,-1.6725
Belgium,2011,0.271083333
Belgium,2012,-0.682416667
Belgium,2013,-0.974125
Belgium,2000,0
Belgium,2001,-0.490916667
Belgium,2002,0.0015
Belgium,2003,-0.164
Belgium,2004,-0.581666667
Belgium,2005,-0.306416667
Belgium,2006,0.061
Belgium,2007,0.11125
Belize,2008,0.239666667
Belize,2009,0.62275
Belize,2010,0.217333333
Belize,2011,0.55775
Belize,2012,0.449416667
Belize,2013,0.928333333
Belize,2000,0
Belize,2001,0.238916667
Belize,2002,0.502333333
Belize,2003,0.580333333
Belize,2004,0.459083333
Belize,2005,0.634
Belize,2006,0.4235
Belize,2007,0.57375
Benin,2008,0.05325
Benin,2009,0.518416667
Benin,2010,0.687916667
Benin,2011,0.4235
Benin,2012,0.114166667
Benin,2013,0.522958333
Benin,2000,0
Benin,2001,0.038166667
Benin,2002,0.181833333
Benin,2003,0.326916667
Benin,2004,0.234333333
Benin,2005,0.515666667
Benin,2006,0.506666667
Benin,2007,0.432833333
Bhutan,2008,0.457916667
Bhutan,2009,1.116333333
Bhutan,2010,0.948833333
Bhutan,2011,0.401833333
Bhutan,2012,0.281333333
Bhutan,2013,1.332958333
Bhutan,2000,0
Bhutan,2001,0.427333333
Bhutan,2002,0.181916667
Bhutan,2003,0.234166667
Bhutan,2004,0.209666667
Bhutan,2005,0.4475
Bhutan,2006,0.855583333
Bhutan,2007,0.701083333
Bolivia,2008,0.111833333
Bolivia,2009,0.301166667
Bolivia,2010,0.36925
Bolivia,2011,0.47825
Bolivia,2012,0.53
Bolivia,2013,-0.436291667
Bolivia,2000,0
Bolivia,2001,0.156916667
Bolivia,2002,0.528583333
Bolivia,2003,0.185583333
Bolivia,2004,0.493833333
Bolivia,2005,0.294583333
Bolivia,2006,0.392833333
Bolivia,2007,0.052166667
"Bonaire, Saint Eustatius And Saba",2008,0.368166667
"Bonaire, Saint Eustatius And Saba",2009,0.727
"Bonaire, Saint Eustatius And Saba",2010,0.958416667
"Bonaire, Saint Eustatius And Saba",2011,0.439333333
"Bonaire, Saint Eustatius And Saba",2012,0.58425
"Bonaire, Saint Eustatius And Saba",2013,0.507458333
"Bonaire, Saint Eustatius And Saba",2000,0
"Bonaire, Saint Eustatius And Saba",2001,0.469
"Bonaire, Saint Eustatius And Saba",2002,0.662416667
"Bonaire, Saint Eustatius And Saba",2003,0.6995
"Bonaire, Saint Eustatius And Saba",2004,0.279083333
"Bonaire, Saint Eustatius And Saba",2005,0.673166667
"Bonaire, Saint Eustatius And Saba",2006,0.668
"Bonaire, Saint Eustatius And Saba",2007,0.723583333
Bosnia And Herzegovina,2008,-0.091416667
Bosnia And Herzegovina,2009,-0.287416667
Bosnia And Herzegovina,2010,-0.876666667
Bosnia And Herzegovina,2011,-0.408333333
Bosnia And Herzegovina,2012,-0.119083333
Bosnia And Herzegovina,2013,0.731416667
Bosnia And Herzegovina,2000,0
Bosnia And Herzegovina,2001,-0.767416667
Bosnia And Herzegovina,2002,-0.28975
Bosnia And Herzegovina,2003,-0.652916667
Bosnia And Herzegovina,2004,-1.14975
Bosnia And Herzegovina,2005,-1.846
Bosnia And Herzegovina,2006,-1.076833333
Bosnia And Herzegovina,2007,-0.146333333
Botswana,2008,0.438833333
Botswana,2009,0.267416667
Botswana,2010,0.857833333
Botswana,2011,0.08275
Botswana,2012,0.52775
Botswana,2013,-0.046583333
Botswana,2000,0
Botswana,2001,0.478166667
Botswana,2002,1.113333333
Botswana,2003,1.522833333
Botswana,2004,0.47375
Botswana,2005,1.4965
Botswana,2006,-0.068333333
Botswana,2007,0.528166667
Brazil,2008,0.213833333
Brazil,2009,0.404083333
Brazil,2010,0.615916667
Brazil,2011,0.232416667
Brazil,2012,0.520583333
Brazil,2013,0.151625
Brazil,2000,0
Brazil,2001,0.307916667
Brazil,2002,0.603833333
Brazil,2003,0.4245
Brazil,2004,0.3
Brazil,2005,0.6095
Brazil,2006,0.3205
Brazil,2007,0.4715
British Virgin Islands,2008,0.193416667
British Virgin Islands,2009,0.507916667
British Virgin Islands,2010,0.863083333
British Virgin Islands,2011,0.428666667
British Virgin Islands,2012,0.629583333
British Virgin Islands,2013,0.58175
British Virgin Islands,2000,0
British Virgin Islands,2001,0.402583333
British Virgin Islands,2002,0.56725
British Virgin Islands,2003,0.646
British Virgin Islands,2004,0.298666667
British Virgin Islands,2005,0.694083333
British Virgin Islands,2006,0.64425
British Virgin Islands,2007,0.739416667
Bulgaria,2008,0.080916667
Bulgaria,2009,-0.012833333
Bulgaria,2010,-0.1405
Bulgaria,2011,-0.859
Bulgaria,2012,0.12075
Bulgaria,2013,1.505041667
Bulgaria,2000,0
Bulgaria,2001,-0.283
Bulgaria,2002,-0.2265
Bulgaria,2003,-0.953833333
Bulgaria,2004,-0.665166667
Bulgaria,2005,-1.12525
Bulgaria,2006,-0.78925
Bulgaria,2007,0.407166667
Burkina Faso,2008,-0.101833333
Burkina Faso,2009,0.491583333
Burkina Faso,2010,0.697333333
Burkina Faso,2011,0.46925
Burkina Faso,2012,0.038583333
Burkina Faso,2013,0.794083333
Burkina Faso,2000,0
Burkina Faso,2001,0.14075
Burkina Faso,2002,0.38675
Burkina Faso,2003,0.292083333
Burkina Faso,2004,0.39775
Burkina Faso,2005,0.646916667
Burkina Faso,2006,0.328833333
Burkina Faso,2007,0.391833333
Burma,2008,0.245083333
Burma,2009,0.7705
Burma,2010,0.927833333
Burma,2011,0.1785
Burma,2012,0.803583333
Burma,2013,1.322041667
Burma,2000,0
Burma,2001,0.396416667
Burma,2002,0.361583333
Burma,2003,0.35725
Burma,2004,0.177416667
Burma,2005,0.65025
Burma,2006,0.501333333
Burma,2007,0.228833333
Burundi,2008,-0.027916667
Burundi,2009,0.168416667
Burundi,2010,0.472916667
Burundi,2011,-0.049916667
Burundi,2012,0.158416667
Burundi,2013,0.266916667
Burundi,2000,0
Burundi,2001,-0.0855
Burundi,2002,0.154
Burundi,2003,0.3355
Burundi,2004,0.364583333
Burundi,2005,0.846333333
Burundi,2006,0.4705
Burundi,2007,-0.014916667
Côte D'Ivoire,2008,0.355916667
Côte D'Ivoire,2009,0.532
Côte D'Ivoire,2010,0.74425
Côte D'Ivoire,2011,0.434916667
Côte D'Ivoire,2012,0.150083333
Côte D'Ivoire,2013,0.658791667
Côte D'Ivoire,2000,0
Côte D'Ivoire,2001,0.271
Côte D'Ivoire,2002,0.367333333
Côte D'Ivoire,2003,0.537
Côte D'Ivoire,2004,0.42625
Côte D'Ivoire,2005,0.512583333
Côte D'Ivoire,2006,0.389166667
Côte D'Ivoire,2007,0.54225
Cambodia,2008,-0.160083333
Cambodia,2009,0.195583333
Cambodia,2010,0.818083333
Cambodia,2011,-0.053666667
Cambodia,2012,0.749083333
Cambodia,2013,1.202458333
Cambodia,2000,0
Cambodia,2001,0.188666667
Cambodia,2002,0.49825
Cambodia,2003,0.24225
Cambodia,2004,0.12225
Cambodia,2005,0.332833333
Cambodia,2006,0.35675
Cambodia,2007,0.184666667
Cameroon,2008,0.508083333
Cameroon,2009,0.794333333
Cameroon,2010,0.85175
Cameroon,2011,0.263583333
Cameroon,2012,0.264
Cameroon,2013,0.694625
Cameroon,2000,0
Cameroon,2001,0.038916667
Cameroon,2002,0.33725
Cameroon,2003,0.399333333
Cameroon,2004,0.557833333
Cameroon,2005,0.654833333
Cameroon,2006,0.680416667
Cameroon,2007,0.596833333
Canada,2008,-0.269333333
Canada,2009,-0.109166667
Canada,2010,2.138
Canada,2011,0.468833333
Canada,2012,0.849083333
Canada,2013,2.38525
Canada,2000,0
Canada,2001,0.925833333
Canada,2002,-0.336916667
Canada,2003,0.166416667
Canada,2004,-0.897166667
Canada,2005,0.717166667
Canada,2006,1.56575
Canada,2007,-0.035
Cape Verde,2008,0.253833333
Cape Verde,2009,-0.116833333
Cape Verde,2010,1.1165
Cape Verde,2011,0.592916667
Cape Verde,2012,0.387583333
Cape Verde,2013,-0.185416667
Cape Verde,2000,0
Cape Verde,2001,0.569666667
Cape Verde,2002,0.38875
Cape Verde,2003,0.10975
Cape Verde,2004,0.177
Cape Verde,2005,0.417083333
Cape Verde,2006,0.3525
Cape Verde,2007,0.07775
Cayman Islands,2008,0.275333333
Cayman Islands,2009,0.390916667
Cayman Islands,2010,-0.067416667
Cayman Islands,2011,0.340333333
Cayman Islands,2012,0.019416667
Cayman Islands,2013,0.456388889
Cayman Islands,2000,0
Cayman Islands,2001,0.207333333
Cayman Islands,2002,0.620916667
Cayman Islands,2003,0.54925
Cayman Islands,2004,0.484083333
Cayman Islands,2005,0.44925
Cayman Islands,2006,0.392916667
Cayman Islands,2007,0.522083333
Central African Republic,2008,0.355333333
Central African Republic,2009,0.897583333
Central African Republic,2010,0.7165
Central African Republic,2011,0.025416667
Central African Republic,2012,0.026166667
Central African Republic,2013,0.597541667
Central African Republic,2000,0
Central African Republic,2001,0.096833333
Central African Republic,2002,0.206083333
Central African Republic,2003,0.4015
Central African Republic,2004,0.526666667
Central African Republic,2005,0.718833333
Central African Republic,2006,0.59175
Central African Republic,2007,0.4545
Chad,2008,0.254666667
Chad,2009,0.876416667
Chad,2010,1.248666667
Chad,2011,0.337
Chad,2012,0.253333333
Chad,2013,0.908166667
Chad,2000,0
Chad,2001,0.187416667
Chad,2002,0.325
Chad,2003,0.43025
Chad,2004,0.569583333
Chad,2005,0.763416667
Chad,2006,0.600166667
Chad,2007,0.412333333
Chile,2008,0.598416667
Chile,2009,0.430333333
Chile,2010,0.14875
Chile,2011,0.468166667
Chile,2012,0.7085
Chile,2013,0.313291667
Chile,2000,0
Chile,2001,0.255583333
Chile,2002,0.178333333
Chile,2003,0.514333333
Chile,2004,0.64175
Chile,2005,0.32775
Chile,2006,0.609916667
Chile,2007,-0.074166667
China,2008,0.328
China,2009,0.571416667
China,2010,0.310333333
China,2011,0.119
China,2012,-0.161
China,2013,2.056916667
China,2000,0
China,2001,0.358333333
China,2002,0.557583333
China,2003,0.283916667
China,2004,0.474666667
China,2005,0.175416667
China,2006,0.709916667
China,2007,0.888666667
Christmas Island,2008,-0.095166667
Christmas Island,2009,0.169583333
Christmas Island,2010,0.4645
Christmas Island,2011,-0.01025
Christmas Island,2012,0.294916667
Christmas Island,2013,0.6355
Christmas Island,2000,0
Christmas Island,2001,-0.026666667
Christmas Island,2002,0.3585
Christmas Island,2003,0.318
Christmas Island,2004,0.214166667
Christmas Island,2005,0.304333333
Christmas Island,2006,0.151666667
Christmas Island,2007,0.180083333
Colombia,2008,0.12375
Colombia,2009,0.588166667
Colombia,2010,0.6575
Colombia,2011,0.21675
Colombia,2012,0.351166667
Colombia,2013,0.549333333
Colombia,2000,0
Colombia,2001,0.38175
Colombia,2002,0.540583333
Colombia,2003,0.625166667
Colombia,2004,0.52375
Colombia,2005,0.640666667
Colombia,2006,0.446416667
Colombia,2007,0.463833333
Comoros,2008,0.19275
Comoros,2009,0.59775
Comoros,2010,0.791333333
Comoros,2011,0.4585
Comoros,2012,0.38775
Comoros,2013,0.547375
Comoros,2000,0
Comoros,2001,0.41875
Comoros,2002,0.66225
Comoros,2003,0.605
Comoros,2004,0.396416667
Comoros,2005,0.686666667
Comoros,2006,0.470333333
Comoros,2007,0.609083333
Congo (Democratic Republic Of The),2008,0.135166667
Congo (Democratic Republic Of The),2009,0.3355
Congo (Democratic Republic Of The),2010,0.55275
Congo (Democratic Republic Of The),2011,-0.043
Congo (Democratic Republic Of The),2012,0.000166667
Congo (Democratic Republic Of The),2013,0.354208333
Congo (Democratic Republic Of The),2000,0
Congo (Democratic Republic Of The),2001,0.050083333
Congo (Democratic Republic Of The),2002,0.356583333
Congo (Democratic Republic Of The),2003,0.361166667
Congo (Democratic Republic Of The),2004,0.341583333
Congo (Democratic Republic Of The),2005,0.775916667
Congo (Democratic Republic Of The),2006,0.32075
Congo (Democratic Republic Of The),2007,0.178916667
Congo,2008,0.506416667
Congo,2009,0.56325
Congo,2010,0.773416667
Congo,2011,-0.010916667
Congo,2012,0.0875
Congo,2013,0.353375
Congo,2000,0
Congo,2001,-0.053083333
Congo,2002,0.261666667
Congo,2003,0.27075
Congo,2004,0.342166667
Congo,2005,0.482916667
Congo,2006,0.496666667
Congo,2007,0.44375
Costa Rica,2008,-0.016083333
Costa Rica,2009,0.45075
Costa Rica,2010,0.154583333
Costa Rica,2011,0.04125
Costa Rica,2012,0.209833333
Costa Rica,2013,0.385388889
Costa Rica,2000,0
Costa Rica,2001,0.042166667
Costa Rica,2002,0.234583333
Costa Rica,2003,0.505333333
Costa Rica,2004,0.456333333
Costa Rica,2005,0.332083333
Costa Rica,2006,0.44275
Costa Rica,2007,0.31075
Croatia,2008,-0.249333333
Croatia,2009,-0.351333333
Croatia,2010,-1.265583333
Croatia,2011,-0.47125
Croatia,2012,-0.252916667
Croatia,2013,0.362583333
Croatia,2000,0
Croatia,2001,-0.815416667
Croatia,2002,-0.3275
Croatia,2003,-0.659416667
Croatia,2004,-1.307
Croatia,2005,-1.850166667
Croatia,2006,-0.98475
Croatia,2007,-0.159916667
Cuba,2008,0.26975
Cuba,2009,0.237333333
Cuba,2010,-0.157666667
Cuba,2011,0.368
Cuba,2012,0.274
Cuba,2013,0.465444444
Cuba,2000,0
Cuba,2001,0.071416667
Cuba,2002,0.528
Cuba,2003,0.576583333
Cuba,2004,0.483916667
Cuba,2005,0.359083333
Cuba,2006,0.3695
Cuba,2007,0.49475
Curaçao,2008,0.354416667
Curaçao,2009,0.688416667
Curaçao,2010,0.909416667
Curaçao,2011,0.415666667
Curaçao,2012,0.488916667
Curaçao,2013,0.556416667
Curaçao,2000,0
Curaçao,2001,0.446333333
Curaçao,2002,0.678833333
Curaçao,2003,0.702
Curaçao,2004,0.326583333
Curaçao,2005,0.6455
Curaçao,2006,0.70125
Curaçao,2007,0.720583333
Cyprus,2008,0.70275
Cyprus,2009,0.715333333
Cyprus,2010,1.51
Cyprus,2011,0.239916667
Cyprus,2012,0.57
Cyprus,2013,0.907875
Cyprus,2000,0
Cyprus,2001,0.56975
Cyprus,2002,0.287166667
Cyprus,2003,0.293083333
Cyprus,2004,0.15375
Cyprus,2005,0.145083333
Cyprus,2006,0.098166667
Cyprus,2007,0.503333333
Czech Republic,2008,-0.24425
Czech Republic,2009,-0.693333333
Czech Republic,2010,-1.90675
Czech Republic,2011,-0.486833333
Czech Republic,2012,-0.731416667
Czech Republic,2013,-0.378
Czech Republic,2000,0
Czech Republic,2001,-1.280166667
Czech Republic,2002,-0.455333333
Czech Republic,2003,-0.787666667
Czech Republic,2004,-1.213083333
Czech Republic,2005,-1.331083333
Czech Republic,2006,-0.793666667
Czech Republic,2007,-0.057666667
Denmark (Europe),2008,0.147166667
Denmark (Europe),2009,-0.4525
Denmark (Europe),2010,-2.287583333
Denmark (Europe),2011,-0.330083333
Denmark (Europe),2012,-0.994666667
Denmark (Europe),2013,-1.066541667
Denmark (Europe),2000,0
Denmark (Europe),2001,-0.959166667
Denmark (Europe),2002,-0.139666667
Denmark (Europe),2003,-0.58425
Denmark (Europe),2004,-0.561166667
Denmark (Europe),2005,-0.5285
Denmark (Europe),2006,0.100916667
Denmark (Europe),2007,0.180583333
Denmark,2008,-0.018833333
Denmark,2009,0.041333333
Denmark,2010,1.73875
Denmark,2011,0.183083333
Denmark,2012,0.563583333
Denmark,2013,1.89725
Denmark,2000,0
Denmark,2001,-0.24325
Denmark,2002,0.533416667
Denmark,2003,1.077416667
Denmark,2004,0.053916667
Denmark,2005,1.1815
Denmark,2006,0.250166667
Denmark,2007,0.291416667
Djibouti,2008,-0.52075
Djibouti,2009,0.03675
Djibouti,2010,-0.023
Djibouti,2011,-0.015666667
Djibouti,2012,0.063583333
Djibouti,2013,0.88475
Djibouti,2000,0
Djibouti,2001,-0.383083333
Djibouti,2002,-0.328416667
Djibouti,2003,-0.102166667
Djibouti,2004,-0.319083333
Djibouti,2005,-0.051416667
Djibouti,2006,-0.082583333
Djibouti,2007,-0.073666667
Dominica,2008,0.093166667
Dominica,2009,0.379
Dominica,2010,0.915333333
Dominica,2011,0.416333333
Dominica,2012,0.540833333
Dominica,2013,0.350625
Dominica,2000,0
Dominica,2001,0.330666667
Dominica,2002,0.364166667
Dominica,2003,0.5085
Dominica,2004,0.258166667
Dominica,2005,0.74775
Dominica,2006,0.577083333
Dominica,2007,0.522916667
Dominican Republic,2008,0.318833333
Dominican Republic,2009,0.542666667
Dominican Republic,2010,0.575166667
Dominican Republic,2011,0.370333333
Dominican Republic,2012,0.459666667
Dominican Republic,2013,0.409916667
Dominican Republic,2000,0
Dominican Republic,2001,0.46025
Dominican Republic,2002,0.700833333
Dominican Republic,2003,0.745916667
Dominican Republic,2004,0.478333333
Dominican Republic,2005,0.64075
Dominican Republic,2006,0.70525
Dominican Republic,2007,0.745583333
Ecuador,2008,0.19825
Ecuador,2009,0.651166667
Ecuador,2010,0.613916667
Ecuador,2011,0.310666667
Ecuador,2012,0.419916667
Ecuador,2013,0.238125
Ecuador,2000,0
Ecuador,2001,0.210083333
Ecuador,2002,0.737666667
Ecuador,2003,0.642333333
Ecuador,2004,0.621916667
Ecuador,2005,0.5035
Ecuador,2006,0.577166667
Ecuador,2007,0.33375
Egypt,2008,1.0265
Egypt,2009,0.853583333
Egypt,2010,2.2705
Egypt,2011,0.45
Egypt,2012,0.8895
Egypt,2013,1.623833333
Egypt,2000,0
Egypt,2001,0.734916667
Egypt,2002,0.834833333
Egypt,2003,0.615
Egypt,2004,0.629666667
Egypt,2005,0.638833333
Egypt,2006,0.62425
Egypt,2007,0.702916667
El Salvador,2008,-0.158916667
El Salvador,2009,0.380416667
El Salvador,2010,0.0515
El Salvador,2011,0.1425
El Salvador,2012,0.153166667
El Salvador,2013,0.503611111
El Salvador,2000,0
El Salvador,2001,0.08575
El Salvador,2002,0.30325
El Salvador,2003,0.316916667
El Salvador,2004,0.335416667
El Salvador,2005,0.215666667
El Salvador,2006,0.351333333
El Salvador,2007,0.068
Equatorial Guinea,2008,0.548166667
Equatorial Guinea,2009,0.61225
Equatorial Guinea,2010,0.681916667
Equatorial Guinea,2011,0.325083333
Equatorial Guinea,2012,0.31625
Equatorial Guinea,2013,0.369916667
Equatorial Guinea,2000,0
Equatorial Guinea,2001,-0.013333333
Equatorial Guinea,2002,0.305916667
Equatorial Guinea,2003,0.406833333
Equatorial Guinea,2004,0.373583333
Equatorial Guinea,2005,0.403333333
Equatorial Guinea,2006,0.564833333
Equatorial Guinea,2007,0.553083333
Eritrea,2008,0.077083333
Eritrea,2009,0.575333333
Eritrea,2010,0.536916667
Eritrea,2011,0.0685
Eritrea,2012,0.362833333
Eritrea,2013,0.98625
Eritrea,2000,0
Eritrea,2001,-0.106666667
Eritrea,2002,0.122166667
Eritrea,2003,0.2125
Eritrea,2004,0.06025
Eritrea,2005,0.17275
Eritrea,2006,-0.02525
Eritrea,2007,-0.031833333
Estonia,2008,0.259083333
Estonia,2009,-0.946916667
Estonia,2010,-1.96575
Estonia,2011,-0.143416667
Estonia,2012,-1.52275
Estonia,2013,-0.047
Estonia,2000,0
Estonia,2001,-1.03575
Estonia,2002,-0.797166667
Estonia,2003,-1.346583333
Estonia,2004,-1.067916667
Estonia,2005,-1.007333333
Estonia,2006,-0.476916667
Estonia,2007,-0.177916667
Ethiopia,2008,-0.16
Ethiopia,2009,0.511
Ethiopia,2010,0.164916667
Ethiopia,2011,0.311583333
Ethiopia,2012,0.213583333
Ethiopia,2013,0.868916667
Ethiopia,2000,0
Ethiopia,2001,-0.101083333
Ethiopia,2002,0.060666667
Ethiopia,2003,0.094583333
Ethiopia,2004,0.016083333
Ethiopia,2005,0.134333333
Ethiopia,2006,0.0155
Ethiopia,2007,-0.038583333
Europe,2008,-0.135416667
Europe,2009,-0.28975
Europe,2010,-1.16025
Europe,2011,-0.055666667
Europe,2012,-0.527166667
Europe,2013,0.230166667
Europe,2000,0
Europe,2001,-0.653
Europe,2002,-0.220083333
Europe,2003,-0.45775
Europe,2004,-0.609333333
Europe,2005,-0.63875
Europe,2006,-0.282666667
Europe,2007,0.030583333
Falkland Islands (Islas Malvinas),2008,0.517833333
Falkland Islands (Islas Malvinas),2009,0.15875
Falkland Islands (Islas Malvinas),2010,0.466916667
Falkland Islands (Islas Malvinas),2011,0.73
Falkland Islands (Islas Malvinas),2012,0.30575
Falkland Islands (Islas Malvinas),2013,0.944833333
Falkland Islands (Islas Malvinas),2000,0
Falkland Islands (Islas Malvinas),2001,0.246333333
Falkland Islands (Islas Malvinas),2002,-0.356916667
Falkland Islands (Islas Malvinas),2003,0.1325
Falkland Islands (Islas Malvinas),2004,0.99025
Falkland Islands (Islas Malvinas),2005,0.20075
Falkland Islands (Islas Malvinas),2006,0.660916667
Falkland Islands (Islas Malvinas),2007,-0.06325
Faroe Islands,2008,0.315416667
Faroe Islands,2009,0.804166667
Faroe Islands,2010,-0.365
Faroe Islands,2011,0.476833333
Faroe Islands,2012,-0.210333333
Faroe Islands,2013,-0.115125
Faroe Islands,2000,0
Faroe Islands,2001,-0.066666667
Faroe Islands,2002,0.698
Faroe Islands,2003,1.027
Faroe Islands,2004,0.658583333
Faroe Islands,2005,0.127416667
Faroe Islands,2006,0.68675
Faroe Islands,2007,0.359
Federated States Of Micronesia,2008,-0.1215
Federated States Of Micronesia,2009,0.146166667
Federated States Of Micronesia,2010,0.289333333
Federated States Of Micronesia,2011,0.072166667
Federated States Of Micronesia,2012,0.242833333
Federated States Of Micronesia,2013,0.554416667
Federated States Of Micronesia,2000,0
Federated States Of Micronesia,2001,0.065916667
Federated States Of Micronesia,2002,0.149833333
Federated States Of Micronesia,2003,0.197
Federated States Of Micronesia,2004,0.280833333
Federated States Of Micronesia,2005,0.155916667
Federated States Of Micronesia,2006,-0.05375
Federated States Of Micronesia,2007,0.020083333
Fiji,2008,-0.107
Fiji,2009,-0.60975
Fiji,2010,0.081333333
Fiji,2011,-0.114333333
Fiji,2012,-0.358916667
Fiji,2013,0.104208333
Fiji,2000,0
Fiji,2001,-0.08575
Fiji,2002,-0.123833333
Fiji,2003,-0.3905
Fiji,2004,-0.329416667
Fiji,2005,-0.19375
Fiji,2006,-0.205666667
Fiji,2007,0.218166667
Finland,2008,-0.38975
Finland,2009,-1.151416667
Finland,2010,-2.446916667
Finland,2011,-0.0495
Finland,2012,-1.683416667
Finland,2013,0.473458333
Finland,2000,0
Finland,2001,-1.495416667
Finland,2002,-1.3605
Finland,2003,-1.090833333
Finland,2004,-0.975916667
Finland,2005,-0.360416667
Finland,2006,-0.6985
Finland,2007,-0.498333333
France (Europe),2008,-0.537333333
France (Europe),2009,-0.130583333
France (Europe),2010,-1.2065
France (Europe),2011,0.534666667
France (Europe),2012,-0.406333333
France (Europe),2013,-0.542333333
France (Europe),2000,0
France (Europe),2001,-0.3765
France (Europe),2002,0.029416667
France (Europe),2003,0.338833333
France (Europe),2004,-0.47175
France (Europe),2005,-0.509
France (Europe),2006,0.133166667
France (Europe),2007,-0.16625
France,2008,-0.385833333
France,2009,-0.025666667
France,2010,-0.851916667
France,2011,0.51225
France,2012,-0.260166667
France,2013,-0.382708333
France,2000,0
France,2001,-0.270833333
France,2002,0.080833333
France,2003,0.370583333
France,2004,-0.30325
France,2005,-0.273083333
France,2006,0.1765
France,2007,-0.07075
French Guiana,2008,0.349666667
French Guiana,2009,0.618583333
French Guiana,2010,0.906
French Guiana,2011,0.478666667
French Guiana,2012,0.543666667
French Guiana,2013,0.416208333
French Guiana,2000,0
French Guiana,2001,0.246083333
French Guiana,2002,0.379083333
French Guiana,2003,0.666666667
French Guiana,2004,0.622083333
French Guiana,2005,1.08625
French Guiana,2006,0.505166667
French Guiana,2007,0.406833333
French Polynesia,2008,-0.15175
French Polynesia,2009,0.39625
French Polynesia,2010,0.305583333
French Polynesia,2011,-0.239
French Polynesia,2012,0.284
French Polynesia,2013,0.272041667
French Polynesia,2000,0
French Polynesia,2001,-0.0165
French Polynesia,2002,0.346083333
French Polynesia,2003,0.280583333
French Polynesia,2004,0.093083333
French Polynesia,2005,0.217083333
French Polynesia,2006,0.198916667
French Polynesia,2007,0.17675
French Southern And Antarctic Lands,2008,0.223166667
French Southern And Antarctic Lands,2009,-0.049083333
French Southern And Antarctic Lands,2010,0.41425
French Southern And Antarctic Lands,2011,0.106333333
French Southern And Antarctic Lands,2012,0.307583333
French Southern And Antarctic Lands,2013,0.4615
French Southern And Antarctic Lands,2000,0
French Southern And Antarctic Lands,2001,-0.059166667
French Southern And Antarctic Lands,2002,-0.0255
French Southern And Antarctic Lands,2003,0.291416667
French Southern And Antarctic Lands,2004,0.218583333
French Southern And Antarctic Lands,2005,0.232083333
French Southern And Antarctic Lands,2006,0.0945
French Southern And Antarctic Lands,2007,-0.17275
Gabon,2008,0.5555
Gabon,2009,0.56225
Gabon,2010,0.648583333
Gabon,2011,0.1585
Gabon,2012,0.25925
Gabon,2013,0.266083333
Gabon,2000,0
Gabon,2001,-0.058833333
Gabon,2002,0.2615
Gabon,2003,0.339583333
Gabon,2004,0.280833333
Gabon,2005,0.393
Gabon,2006,0.585333333
Gabon,2007,0.491166667
Gambia,2008,0.282333333
Gambia,2009,-0.10475
Gambia,2010,0.739166667
Gambia,2011,0.21875
Gambia,2012,0.237916667
Gambia,2013,0.660625
Gambia,2000,0
Gambia,2001,0.426
Gambia,2002,0.484166667
Gambia,2003,0.164833333
Gambia,2004,0.30875
Gambia,2005,0.54125
Gambia,2006,0.113583333
Gambia,2007,0.301166667
Gaza Strip,2008,0.644916667
Gaza Strip,2009,0.537166667
Gaza Strip,2010,2.023333333
Gaza Strip,2011,-0.0325
Gaza Strip,2012,0.699166667
Gaza Strip,2013,0.901333333
Gaza Strip,2000,0
Gaza Strip,2001,0.679166667
Gaza Strip,2002,0.40325
Gaza Strip,2003,0.267916667
Gaza Strip,2004,0.196333333
Gaza Strip,2005,0.099333333
Gaza Strip,2006,0.05775
Gaza Strip,2007,0.403666667
Georgia,2008,-0.002583333
Georgia,2009,0.240916667
Georgia,2010,1.79125
Georgia,2011,-0.787416667
Georgia,2012,0.476166667
Georgia,2013,1.375458333
Georgia,2000,0
Georgia,2001,0.550583333
Georgia,2002,-0.105166667
Georgia,2003,-0.506583333
Georgia,2004,-0.092583333
Georgia,2005,0.102333333
Georgia,2006,0.092583333
Georgia,2007,0.21475
Germany,2008,-0.37825
Germany,2009,-0.66125
Germany,2010,-2.011416667
Germany,2011,-0.200833333
Germany,2012,-0.79325
Germany,2013,-0.785166667
Germany,2000,0
Germany,2001,-0.93
Germany,2002,-0.383083333
Germany,2003,-0.526166667
Germany,2004,-0.967
Germany,2005,-0.892
Germany,2006,-0.314416667
Germany,2007,-0.022916667
Ghana,2008,0.121916667
Ghana,2009,0.311666667
Ghana,2010,0.689083333
Ghana,2011,0.353833333
Ghana,2012,0.033583333
Ghana,2013,0.471583333
Ghana,2000,0
Ghana,2001,0.032833333
Ghana,2002,0.155166667
Ghana,2003,0.287583333
Ghana,2004,0.169916667
Ghana,2005,0.35525
Ghana,2006,0.335666667
Ghana,2007,0.38175
Greece,2008,0.381583333
Greece,2009,0.282833333
Greece,2010,0.697916667
Greece,2011,-0.412
Greece,2012,0.366166667
Greece,2013,1.480166667
Greece,2000,0
Greece,2001,0.25825
Greece,2002,-0.051
Greece,2003,-0.20075
Greece,2004,-0.217666667
Greece,2005,-0.498
Greece,2006,-0.460666667
Greece,2007,0.409916667
Greenland,2008,-0.022
Greenland,2009,0.0515
Greenland,2010,1.821583333
Greenland,2011,0.193583333
Greenland,2012,0.595666667
Greenland,2013,1.958166667
Greenland,2000,0
Greenland,2001,-0.2285
Greenland,2002,0.5475
Greenland,2003,1.111666667
Greenland,2004,0.06675
Greenland,2005,1.216666667
Greenland,2006,0.253583333
Greenland,2007,0.29375
Grenada,2008,0.17275
Grenada,2009,0.435833333
Grenada,2010,0.918
Grenada,2011,0.471166667
Grenada,2012,0.4455
Grenada,2013,0.421958333
Grenada,2000,0
Grenada,2001,0.31625
Grenada,2002,0.34025
Grenada,2003,0.525583333
Grenada,2004,0.283833333
Grenada,2005,0.717083333
Grenada,2006,0.55275
Grenada,2007,0.400083333
Guadeloupe,2008,0.073333333
Guadeloupe,2009,0.376333333
Guadeloupe,2010,0.867333333
Guadeloupe,2011,0.388166667
Guadeloupe,2012,0.529916667
Guadeloupe,2013,0.368416667
Guadeloupe,2000,0
Guadeloupe,2001,0.356916667
Guadeloupe,2002,0.444583333
Guadeloupe,2003,0.598416667
Guadeloupe,2004,0.253166667
Guadeloupe,2005,0.72075
Guadeloupe,2006,0.57225
Guadeloupe,2007,0.594083333
Guam,2008,0.00225
Guam,2009,-0.094416667
Guam,2010,-0.23125
Guam,2011,-0.23275
Guam,2012,-0.090083333
Guam,2013,0.177208333
Guam,2000,0
Guam,2001,0.113333333
Guam,2002,-0.076166667
Guam,2003,-0.216333333
Guam,2004,0.06475
Guam,2005,-0.016
Guam,2006,-0.052833333
Guam,2007,-0.079583333
Guatemala,2008,0.05325
Guatemala,2009,0.511083333
Guatemala,2010,0.25875
Guatemala,2011,0.392
Guatemala,2012,0.419333333
Guatemala,2013,0.8625
Guatemala,2000,0
Guatemala,2001,0.155583333
Guatemala,2002,0.40475
Guatemala,2003,0.565
Guatemala,2004,0.369083333
Guatemala,2005,0.519416667
Guatemala,2006,0.379416667
Guatemala,2007,0.389666667
Guernsey,2008,-0.157416667
Guernsey,2009,-0.186416667
Guernsey,2010,-0.958166667
Guernsey,2011,0.57675
Guernsey,2012,-0.274666667
Guernsey,2013,-1.115375
Guernsey,2000,0
Guernsey,2001,-0.042583333
Guernsey,2002,0.326083333
Guernsey,2003,0.3165
Guernsey,2004,0.031333333
Guernsey,2005,0.131083333
Guernsey,2006,0.26825
Guernsey,2007,0.308666667
Guinea Bissau,2008,0.294833333
Guinea Bissau,2009,0.021583333
Guinea Bissau,2010,0.630083333
Guinea Bissau,2011,0.20225
Guinea Bissau,2012,0.192666667
Guinea Bissau,2013,0.617916667
Guinea Bissau,2000,0
Guinea Bissau,2001,0.37475
Guinea Bissau,2002,0.506333333
Guinea Bissau,2003,0.17475
Guinea Bissau,2004,0.3445
Guinea Bissau,2005,0.670166667
Guinea Bissau,2006,0.063333333
Guinea Bissau,2007,0.229416667
Guinea,2008,0.318583333
Guinea,2009,0.3565
Guinea,2010,0.628083333
Guinea,2011,0.373833333
Guinea,2012,0.094
Guinea,2013,0.717583333
Guinea,2000,0
Guinea,2001,0.319333333
Guinea,2002,0.545666667
Guinea,2003,0.440583333
Guinea,2004,0.435
Guinea,2005,0.538083333
Guinea,2006,0.151416667
Guinea,2007,0.348166667
Guyana,2008,0.225416667
Guyana,2009,0.708
Guyana,2010,0.7225
Guyana,2011,0.289833333
Guyana,2012,0.406583333
Guyana,2013,0.293916667
Guyana,2000,0
Guyana,2001,0.183416667
Guyana,2002,0.2145
Guyana,2003,0.610083333
Guyana,2004,0.477916667
Guyana,2005,0.67475
Guyana,2006,0.4275
Guyana,2007,0.315166667
Haiti,2008,0.328583333
Haiti,2009,0.546583333
Haiti,2010,0.40375
Haiti,2011,0.345
Haiti,2012,0.4465
Haiti,2013,0.432972222
Haiti,2000,0
Haiti,2001,0.415166667
Haiti,2002,0.651083333
Haiti,2003,0.73575
Haiti,2004,0.579083333
Haiti,2005,0.582
Haiti,2006,0.623666667
Haiti,2007,0.689666667
Heard Island And Mcdonald Islands,2008,0.19525
Heard Island And Mcdonald Islands,2009,-0.283416667
Heard Island And Mcdonald Islands,2010,0.225583333
Heard Island And Mcdonald Islands,2011,-0.137416667
Heard Island And Mcdonald Islands,2012,0.172083333
Heard Island And Mcdonald Islands,2013,0.30875
Heard Island And Mcdonald Islands,2000,0
Heard Island And Mcdonald Islands,2001,-0.0365
Heard Island And Mcdonald Islands,2002,-0.034083333
Heard Island And Mcdonald Islands,2003,0.365833333
Heard Island And Mcdonald Islands,2004,0.132916667
Heard Island And Mcdonald Islands,2005,0.027166667
Heard Island And Mcdonald Islands,2006,-0.076583333
Heard Island And Mcdonald Islands,2007,-0.280083333
Honduras,2008,-0.045833333
Honduras,2009,0.364916667
Honduras,2010,0.092
Honduras,2011,0.320583333
Honduras,2012,0.106916667
Honduras,2013,0.578666667
Honduras,2000,0
Honduras,2001,0.001083333
Honduras,2002,0.278916667
Honduras,2003,0.395083333
Honduras,2004,0.31025
Honduras,2005,0.47275
Honduras,2006,0.43625
Honduras,2007,0.22975
Hong Kong,2008,-0.299916667
Hong Kong,2009,0.149666667
Hong Kong,2010,-0.057666667
Hong Kong,2011,-0.433333333
Hong Kong,2012,0.0155
Hong Kong,2013,0.488875
Hong Kong,2000,0
Hong Kong,2001,0.166416667
Hong Kong,2002,0.397083333
Hong Kong,2003,0.2155
Hong Kong,2004,0.045916667
Hong Kong,2005,-0.144583333
Hong Kong,2006,0.3345
Hong Kong,2007,0.370166667
Hungary,2008,-0.16925
Hungary,2009,-0.31925
Hungary,2010,-1.3525
Hungary,2011,-0.823333333
Hungary,2012,-0.406666667
Hungary,2013,0.601166667
Hungary,2000,0
Hungary,2001,-1.176583333
Hungary,2002,-0.26825
Hungary,2003,-1.102416667
Hungary,2004,-1.388833333
Hungary,2005,-1.75775
Hungary,2006,-1.07125
Hungary,2007,0.006916667
Iceland,2008,0.209666667
Iceland,2009,0.36075
Iceland,2010,0.573166667
Iceland,2011,0.212166667
Iceland,2012,0.360166667
Iceland,2013,0.817
Iceland,2000,0
Iceland,2001,0.261666667
Iceland,2002,0.562583333
Iceland,2003,1.237583333
Iceland,2004,0.845166667
Iceland,2005,0.097083333
Iceland,2006,0.57925
Iceland,2007,0.458166667
India,2008,-0.092
India,2009,0.648666667
India,2010,0.552833333
India,2011,-0.082416667
India,2012,0.142833333
India,2013,0.91525
India,2000,0
India,2001,0.083916667
India,2002,0.415
India,2003,0.151916667
India,2004,0.136583333
India,2005,-0.002583333
India,2006,0.234083333
India,2007,0.151916667
Indonesia,2008,-0.125
Indonesia,2009,0.26475
Indonesia,2010,0.34675
Indonesia,2011,0.012
Indonesia,2012,0.131833333
Indonesia,2013,0.27675
Indonesia,2000,0
Indonesia,2001,0.1395
Indonesia,2002,0.33875
Indonesia,2003,0.25525
Indonesia,2004,0.244583333
Indonesia,2005,0.2635
Indonesia,2006,0.1915
Indonesia,2007,0.102833333
Iran,2008,0.012833333
Iran,2009,0.217416667
Iran,2010,1.198083333
Iran,2011,0.023333333
Iran,2012,0.067583333
Iran,2013,1.648916667
Iran,2000,0
Iran,2001,0.58175
Iran,2002,0.250333333
Iran,2003,0.023083333
Iran,2004,0.257833333
Iran,2005,-0.085416667
Iran,2006,0.319833333
Iran,2007,-0.151666667
Iraq,2008,0.129333333
Iraq,2009,0.00925
Iraq,2010,1.6615
Iraq,2011,-0.395583333
Iraq,2012,0.440083333
Iraq,2013,1.251666667
Iraq,2000,0
Iraq,2001,0.52825
Iraq,2002,-0.09325
Iraq,2003,-0.029416667
Iraq,2004,-0.209916667
Iraq,2005,-0.29275
Iraq,2006,-0.0845
Iraq,2007,0.026166667
Ireland,2008,0.028
Ireland,2009,0.0265
Ireland,2010,-0.872583333
Ireland,2011,0.214666667
Ireland,2012,-0.094916667
Ireland,2013,-0.156
Ireland,2000,0
Ireland,2001,-0.107666667
Ireland,2002,0.289916667
Ireland,2003,0.391666667
Ireland,2004,0.308333333
Ireland,2005,0.445
Ireland,2006,0.523416667
Ireland,2007,0.711916667
Isle Of Man,2008,-0.020916667
Isle Of Man,2009,0.03725
Isle Of Man,2010,-1.154333333
Isle Of Man,2011,0.451083333
Isle Of Man,2012,-0.347666667
Isle Of Man,2013,-1.027208333
Isle Of Man,2000,0
Isle Of Man,2001,-0.28625
Isle Of Man,2002,0.266583333
Isle Of Man,2003,0.317083333
Isle Of Man,2004,0.3385
Isle Of Man,2005,0.31875
Isle Of Man,2006,0.566083333
Isle Of Man,2007,0.5515
Israel,2008,0.699666667
Israel,2009,0.601
Israel,2010,2.08075
Israel,2011,0.100833333
Israel,2012,0.775666667
Israel,2013,0.991958333
Israel,2000,0
Israel,2001,0.699333333
Israel,2002,0.497916667
Israel,2003,0.383583333
Israel,2004,0.260083333
Israel,2005,0.207333333
Israel,2006,0.17875
Israel,2007,0.471166667
Italy,2008,-0.24425
Italy,2009,-0.072583333
Italy,2010,-0.800583333
Italy,2011,0.047666667
Italy,2012,-0.0465
Italy,2013,0.0395
Italy,2000,0
Italy,2001,-0.17125
Italy,2002,-0.1915
Italy,2003,0.171416667
Italy,2004,-0.565666667
Italy,2005,-1.096916667
Italy,2006,-0.338166667
Italy,2007,-0.052166667
Jamaica,2008,0.152083333
Jamaica,2009,0.39075
Jamaica,2010,0.051833333
Jamaica,2011,0.171166667
Jamaica,2012,0.415666667
Jamaica,2013,0.655916667
Jamaica,2000,0
Jamaica,2001,0.233666667
Jamaica,2002,0.531333333
Jamaica,2003,0.596416667
Jamaica,2004,0.434416667
Jamaica,2005,0.365583333
Jamaica,2006,0.56475
Jamaica,2007,0.5445
Japan,2008,0.041083333
Japan,2009,0.1
Japan,2010,0.38175
Japan,2011,-0.096083333
Japan,2012,-0.268166667
Japan,2013,0.130916667
Japan,2000,0
Japan,2001,-0.383833333
Japan,2002,0.0035
Japan,2003,-0.326833333
Japan,2004,0.601833333
Japan,2005,-0.277916667
Japan,2006,-0.07675
Japan,2007,0.358333333
Jersey,2008,-0.157416667
Jersey,2009,-0.186416667
Jersey,2010,-0.958166667
Jersey,2011,0.57675
Jersey,2012,-0.274666667
Jersey,2013,-1.115375
Jersey,2000,0
Jersey,2001,-0.042583333
Jersey,2002,0.326083333
Jersey,2003,0.3165
Jersey,2004,0.031333333
Jersey,2005,0.131083333
Jersey,2006,0.26825
Jersey,2007,0.308666667
Jordan,2008,0.5275
Jordan,2009,0.45325
Jordan,2010,2.18275
Jordan,2011,0.06925
Jordan,2012,0.775
Jordan,2013,1.273875
Jordan,2000,0
Jordan,2001,0.685583333
Jordan,2002,0.277583333
Jordan,2003,0.286166667
Jordan,2004,0.21
Jordan,2005,0.092166667
Jordan,2006,0.128083333
Jordan,2007,0.3945
Kazakhstan,2008,0.2675
Kazakhstan,2009,-0.379333333
Kazakhstan,2010,-0.051416667
Kazakhstan,2011,-1.065166667
Kazakhstan,2012,-0.686
Kazakhstan,2013,2.175833333
Kazakhstan,2000,0
Kazakhstan,2001,0.051666667
Kazakhstan,2002,0.540166667
Kazakhstan,2003,-0.63
Kazakhstan,2004,0.631583333
Kazakhstan,2005,0.237416667
Kazakhstan,2006,0.108416667
Kazakhstan,2007,0.39375
Kenya,2008,-0.066916667
Kenya,2009,0.511416667
Kenya,2010,0.244583333
Kenya,2011,0.249083333
Kenya,2012,0.20875
Kenya,2013,0.218583333
Kenya,2000,0
Kenya,2001,-0.258333333
Kenya,2002,-0.054916667
Kenya,2003,0.141666667
Kenya,2004,0.150416667
Kenya,2005,0.417
Kenya,2006,0.103416667
Kenya,2007,0.072083333
Kingman Reef,2008,0.041083333
Kingman Reef,2009,0.535083333
Kingman Reef,2010,0.39475
Kingman Reef,2011,0.218916667
Kingman Reef,2012,0.2255
Kingman Reef,2013,0.389958333
Kingman Reef,2000,0
Kingman Reef,2001,0.369
Kingman Reef,2002,0.5535
Kingman Reef,2003,0.6825
Kingman Reef,2004,0.5835
Kingman Reef,2005,0.710166667
Kingman Reef,2006,0.627583333
Kingman Reef,2007,0.336
Kiribati,2008,-0.11825
Kiribati,2009,0.586916667
Kiribati,2010,0.452416667
Kiribati,2011,0.081416667
Kiribati,2012,0.25925
Kiribati,2013,0.472125
Kiribati,2000,0
Kiribati,2001,0.313
Kiribati,2002,0.578666667
Kiribati,2003,0.687833333
Kiribati,2004,0.604416667
Kiribati,2005,0.734833333
Kiribati,2006,0.67675
Kiribati,2007,0.216166667
Kuwait,2008,-0.1095
Kuwait,2009,0.077083333
Kuwait,2010,1.262583333
Kuwait,2011,-0.288583333
Kuwait,2012,0.2995
Kuwait,2013,0.897291667
Kuwait,2000,0
Kuwait,2001,0.278666667
Kuwait,2002,0.010666667
Kuwait,2003,0.1205
Kuwait,2004,-0.220666667
Kuwait,2005,-0.388166667
Kuwait,2006,-0.061416667
Kuwait,2007,-0.045166667
Kyrgyzstan,2008,-0.153166667
Kyrgyzstan,2009,-0.381583333
Kyrgyzstan,2010,-0.135
Kyrgyzstan,2011,-0.529166667
Kyrgyzstan,2012,-1.153833333
Kyrgyzstan,2013,1.532375
Kyrgyzstan,2000,0
Kyrgyzstan,2001,0.05025
Kyrgyzstan,2002,-0.02175
Kyrgyzstan,2003,-0.688416667
Kyrgyzstan,2004,0.2985
Kyrgyzstan,2005,-0.212666667
Kyrgyzstan,2006,0.186583333
Kyrgyzstan,2007,0.3225
Laos,2008,-0.203583333
Laos,2009,0.530333333
Laos,2010,1.099
Laos,2011,-0.2245
Laos,2012,1.0725
Laos,2013,1.550083333
Laos,2000,0
Laos,2001,0.319916667
Laos,2002,0.38525
Laos,2003,0.49675
Laos,2004,0.028583333
Laos,2005,0.482583333
Laos,2006,0.570333333
Laos,2007,0.375583333
Latvia,2008,0.184
Latvia,2009,-0.93775
Latvia,2010,-1.786
Latvia,2011,-0.251833333
Latvia,2012,-1.45375
Latvia,2013,-0.174708333
Latvia,2000,0
Latvia,2001,-0.957833333
Latvia,2002,-0.5795
Latvia,2003,-1.219833333
Latvia,2004,-1.163
Latvia,2005,-1.122583333
Latvia,2006,-0.5265
Latvia,2007,-0.218166667
Lebanon,2008,0.579833333
Lebanon,2009,0.474916667
Lebanon,2010,1.8915
Lebanon,2011,-0.115666667
Lebanon,2012,0.61175
Lebanon,2013,0.800916667
Lebanon,2000,0
Lebanon,2001,0.685416667
Lebanon,2002,0.29975
Lebanon,2003,0.176666667
Lebanon,2004,0.096916667
Lebanon,2005,0.015416667
Lebanon,2006,-0.063
Lebanon,2007,0.377833333
Lesotho,2008,0.373833333
Lesotho,2009,0.20325
Lesotho,2010,0.852916667
Lesotho,2011,-0.027
Lesotho,2012,0.332583333
Lesotho,2013,-0.280291667
Lesotho,2000,0
Lesotho,2001,0.2795
Lesotho,2002,0.333416667
Lesotho,2003,0.630916667
Lesotho,2004,0.509
Lesotho,2005,0.522583333
Lesotho,2006,-0.150416667
Lesotho,2007,0.471416667
Liberia,2008,0.437666667
Liberia,2009,0.63425
Liberia,2010,0.673
Liberia,2011,0.380916667
Liberia,2012,0.135833333
Liberia,2013,0.45425
Liberia,2000,0
Liberia,2001,0.29375
Liberia,2002,0.376333333
Liberia,2003,0.527166667
Liberia,2004,0.42375
Liberia,2005,0.431166667
Liberia,2006,0.323416667
Liberia,2007,0.430083333
Libya,2008,0.63925
Libya,2009,0.54475
Libya,2010,1.680833333
Libya,2011,0.15325
Libya,2012,0.435583333
Libya,2013,1.478916667
Libya,2000,0
Libya,2001,0.578083333
Libya,2002,0.574333333
Libya,2003,0.533916667
Libya,2004,0.443333333
Libya,2005,0.421583333
Libya,2006,0.48
Libya,2007,0.49075
Liechtenstein,2008,-0.3865
Liechtenstein,2009,-0.43525
Liechtenstein,2010,-1.480916667
Liechtenstein,2011,0.234333333
Liechtenstein,2012,-0.452666667
Liechtenstein,2013,-0.326375
Liechtenstein,2000,0
Liechtenstein,2001,-0.740333333
Liechtenstein,2002,-0.065083333
Liechtenstein,2003,-0.204083333
Liechtenstein,2004,-0.898333333
Liechtenstein,2005,-1.31575
Liechtenstein,2006,-0.387583333
Liechtenstein,2007,-0.0495
Lithuania,2008,0.067666667
Lithuania,2009,-1.011583333
Lithuania,2010,-1.781833333
Lithuania,2011,-0.472666667
Lithuania,2012,-1.384083333
Lithuania,2013,-0.303666667
Lithuania,2000,0
Lithuania,2001,-0.98725
Lithuania,2002,-0.401583333
Lithuania,2003,-1.277333333
Lithuania,2004,-1.272333333
Lithuania,2005,-1.186666667
Lithuania,2006,-0.685666667
Lithuania,2007,-0.253666667
Luxembourg,2008,-0.664083333
Luxembourg,2009,-0.464666667
Luxembourg,2010,-1.658083333
Luxembourg,2011,0.23925
Luxembourg,2012,-0.6835
Luxembourg,2013,-0.8925
Luxembourg,2000,0
Luxembourg,2001,-0.586166667
Luxembourg,2002,-0.07875
Luxembourg,2003,-0.092166667
Luxembourg,2004,-0.809666667
Luxembourg,2005,-0.484666667
Luxembourg,2006,-0.062416667
Luxembourg,2007,-0.031083333
Macau,2008,-0.348
Macau,2009,0.135916667
Macau,2010,-0.042083333
Macau,2011,-0.446416667
Macau,2012,0.041666667
Macau,2013,0.535833333
Macau,2000,0
Macau,2001,0.161583333
Macau,2002,0.362583333
Macau,2003,0.236583333
Macau,2004,0.056333333
Macau,2005,-0.1315
Macau,2006,0.364916667
Macau,2007,0.399166667
Macedonia,2008,0.342083333
Macedonia,2009,0.061833333
Macedonia,2010,0.159
Macedonia,2011,-0.558166667
Macedonia,2012,-0.044083333
Macedonia,2013,1.678125
Macedonia,2000,0
Macedonia,2001,-0.1115
Macedonia,2002,-0.300916667
Macedonia,2003,-0.374333333
Macedonia,2004,-0.523416667
Macedonia,2005,-1.032
Macedonia,2006,-0.829416667
Macedonia,2007,0.32375
Madagascar,2008,0.011916667
Madagascar,2009,0.298333333
Madagascar,2010,0.525833333
Madagascar,2011,0.4565
Madagascar,2012,0.005
Madagascar,2013,-0.360833333
Madagascar,2000,0
Madagascar,2001,0.266583333
Madagascar,2002,0.297166667
Madagascar,2003,0.174916667
Madagascar,2004,0.132666667
Madagascar,2005,0.3015
Madagascar,2006,0.340833333
Madagascar,2007,0.329416667
Malawi,2008,0.108083333
Malawi,2009,0.300416667
Malawi,2010,0.88625
Malawi,2011,0.598833333
Malawi,2012,0.173
Malawi,2013,-0.445041667
Malawi,2000,0
Malawi,2001,0.284333333
Malawi,2002,0.509583333
Malawi,2003,0.519083333
Malawi,2004,0.1515
Malawi,2005,1.09675
Malawi,2006,0.38775
Malawi,2007,0.383916667
Malaysia,2008,-0.117333333
Malaysia,2009,0.270583333
Malaysia,2010,0.43525
Malaysia,2011,0.069166667
Malaysia,2012,0.251333333
Malaysia,2013,0.602083333
Malaysia,2000,0
Malaysia,2001,0.128666667
Malaysia,2002,0.374083333
Malaysia,2003,0.205333333
Malaysia,2004,0.204583333
Malaysia,2005,0.278166667
Malaysia,2006,0.20625
Malaysia,2007,0.124916667
Mali,2008,-0.200416667
Mali,2009,0.290583333
Mali,2010,0.97675
Mali,2011,0.286333333
Mali,2012,-0.5485
Mali,2013,0.791666667
Mali,2000,0
Mali,2001,0.1605
Mali,2002,0.276166667
Mali,2003,0.278666667
Mali,2004,0.275666667
Mali,2005,0.375916667
Mali,2006,-0.112416667
Mali,2007,0.051833333
Malta,2008,0.209
Malta,2009,-0.029916667
Malta,2010,0.05525
Malta,2011,-0.295666667
Malta,2012,0.22
Malta,2013,-0.171791667
Malta,2000,0
Malta,2001,0.3005
Malta,2002,-0.057333333
Malta,2003,0.147416667
Malta,2004,-0.438
Malta,2005,-0.734083333
Malta,2006,-0.007833333
Malta,2007,0.14075
Martinique,2008,0.093166667
Martinique,2009,0.379
Martinique,2010,0.915333333
Martinique,2011,0.416333333
Martinique,2012,0.540833333
Martinique,2013,0.350625
Martinique,2000,0
Martinique,2001,0.330666667
Martinique,2002,0.364166667
Martinique,2003,0.5085
Martinique,2004,0.258166667
Martinique,2005,0.74775
Martinique,2006,0.577083333
Martinique,2007,0.522916667
Mauritania,2008,0.039416667
Mauritania,2009,0.07575
Mauritania,2010,1.017333333
Mauritania,2011,0.277333333
Mauritania,2012,-0.32875
Mauritania,2013,0.754416667
Mauritania,2000,0
Mauritania,2001,0.522833333
Mauritania,2002,0.294666667
Mauritania,2003,0.20325
Mauritania,2004,0.272666667
Mauritania,2005,0.396666667
Mauritania,2006,0.094916667
Mauritania,2007,0.096333333
Mauritius,2008,0.186416667
Mauritius,2009,0.58225
Mauritius,2010,0.6665
Mauritius,2011,0.51975
Mauritius,2012,0.371416667
Mauritius,2013,0.309791667
Mauritius,2000,0
Mauritius,2001,0.487916667
Mauritius,2002,0.393166667
Mauritius,2003,0.5145
Mauritius,2004,0.252
Mauritius,2005,0.153333333
Mauritius,2006,0.317166667
Mauritius,2007,0.28175
Mayotte,2008,0.305333333
Mayotte,2009,0.628666667
Mayotte,2010,0.842083333
Mayotte,2011,0.57925
Mayotte,2012,0.360666667
Mayotte,2013,0.522416667
Mayotte,2000,0
Mayotte,2001,0.41875
Mayotte,2002,0.764583333
Mayotte,2003,0.532666667
Mayotte,2004,0.399166667
Mayotte,2005,0.656666667
Mayotte,2006,0.541916667
Mayotte,2007,0.64725
Mexico,2008,-0.146833333
Mexico,2009,0.314
Mexico,2010,-0.379166667
Mexico,2011,0.36725
Mexico,2012,0.420333333
Mexico,2013,0.987138889
Mexico,2000,0
Mexico,2001,-0.099083333
Mexico,2002,-0.007083333
Mexico,2003,0.097333333
Mexico,2004,-0.30725
Mexico,2005,0.181416667
Mexico,2006,0.186
Mexico,2007,-0.15275
Moldova,2008,0.054416667
Moldova,2009,0.041916667
Moldova,2010,-0.464333333
Moldova,2011,-0.8195
Moldova,2012,-0.102416667
Moldova,2013,1.2705
Moldova,2000,0
Moldova,2001,-0.689166667
Moldova,2002,-0.148916667
Moldova,2003,-1.261583333
Moldova,2004,-0.788166667
Moldova,2005,-0.847333333
Moldova,2006,-1.098166667
Moldova,2007,0.668916667
Monaco,2008,-0.25525
Monaco,2009,0.199916667
Monaco,2010,-1.005833333
Monaco,2011,0.494
Monaco,2012,0.019166667
Monaco,2013,0.1875
Monaco,2000,0
Monaco,2001,-0.017666667
Monaco,2002,0.030666667
Monaco,2003,0.496583333
Monaco,2004,-0.29125
Monaco,2005,-0.711083333
Monaco,2006,0.225416667
Monaco,2007,0.1815
Mongolia,2008,0.940583333
Mongolia,2009,0.3895
Mongolia,2010,-0.493666667
Mongolia,2011,-0.267
Mongolia,2012,-0.77125
Mongolia,2013,2.63275
Mongolia,2000,0
Mongolia,2001,0.575333333
Mongolia,2002,0.920916667
Mongolia,2003,-0.128583333
Mongolia,2004,0.915666667
Mongolia,2005,-0.314833333
Mongolia,2006,0.776916667
Mongolia,2007,1.900583333
Montenegro,2008,0.066333333
Montenegro,2009,-0.098666667
Montenegro,2010,-0.316916667
Montenegro,2011,-0.326666667
Montenegro,2012,-0.0295
Montenegro,2013,1.309041667
Montenegro,2000,0
Montenegro,2001,-0.326083333
Montenegro,2002,-0.144166667
Montenegro,2003,-0.283083333
Montenegro,2004,-0.740083333
Montenegro,2005,-1.435583333
Montenegro,2006,-1.0005
Montenegro,2007,0.03375
Montserrat,2008,0.06875
Montserrat,2009,0.375666667
Montserrat,2010,0.8555
Montserrat,2011,0.381416667
Montserrat,2012,0.527416667
Montserrat,2013,0.372166667
Montserrat,2000,0
Montserrat,2001,0.363583333
Montserrat,2002,0.464666667
Montserrat,2003,0.620583333
Montserrat,2004,0.251916667
Montserrat,2005,0.714166667
Montserrat,2006,0.571333333
Montserrat,2007,0.611833333
Morocco,2008,-0.182916667
Morocco,2009,0.445666667
Morocco,2010,0.869916667
Morocco,2011,0.31375
Morocco,2012,0.103666667
Morocco,2013,0.740166667
Morocco,2000,0
Morocco,2001,0.668833333
Morocco,2002,0.1475
Morocco,2003,0.290916667
Morocco,2004,-0.079083333
Morocco,2005,0.015666667
Morocco,2006,0.228083333
Morocco,2007,-0.145416667
Mozambique,2008,0.11025
Mozambique,2009,0.161083333
Mozambique,2010,0.6855
Mozambique,2011,0.381916667
Mozambique,2012,0.089333333
Mozambique,2013,-0.43225
Mozambique,2000,0
Mozambique,2001,0.330666667
Mozambique,2002,0.507916667
Mozambique,2003,0.503
Mozambique,2004,0.152333333
Mozambique,2005,0.9135
Mozambique,2006,0.383166667
Mozambique,2007,0.304166667
Namibia,2008,0.003416667
Namibia,2009,-0.041416667
Namibia,2010,0.374583333
Namibia,2011,-0.66725
Namibia,2012,-0.222666667
Namibia,2013,0.248208333
Namibia,2000,0
Namibia,2001,0.2195
Namibia,2002,0.529916667
Namibia,2003,1.023166667
Namibia,2004,0.626166667
Namibia,2005,0.45625
Namibia,2006,-0.635833333
Namibia,2007,0.162916667
Nepal,2008,0.12975
Nepal,2009,0.797666667
Nepal,2010,0.834666667
Nepal,2011,0.001333333
Nepal,2012,0.1405
Nepal,2013,0.671916667
Nepal,2000,0
Nepal,2001,0.310916667
Nepal,2002,0.369333333
Nepal,2003,0.190916667
Nepal,2004,0.2725
Nepal,2005,0.336833333
Nepal,2006,0.776666667
Nepal,2007,0.37775
Netherlands (Europe),2008,-0.323333333
Netherlands (Europe),2009,-0.420333333
Netherlands (Europe),2010,-1.900333333
Netherlands (Europe),2011,-0.0375
Netherlands (Europe),2012,-0.691833333
Netherlands (Europe),2013,-1.28625
Netherlands (Europe),2000,0
Netherlands (Europe),2001,-0.546083333
Netherlands (Europe),2002,-0.104333333
Netherlands (Europe),2003,-0.427833333
Netherlands (Europe),2004,-0.493333333
Netherlands (Europe),2005,-0.300416667
Netherlands (Europe),2006,0.177
Netherlands (Europe),2007,0.275666667
Netherlands,2008,-0.308916667
Netherlands,2009,-0.396333333
Netherlands,2010,-1.838916667
Netherlands,2011,-0.0275
Netherlands,2012,-0.665333333
Netherlands,2013,-1.247
Netherlands,2000,0
Netherlands,2001,-0.5245
Netherlands,2002,-0.088
Netherlands,2003,-0.403666667
Netherlands,2004,-0.476
Netherlands,2005,-0.279833333
Netherlands,2006,0.187833333
Netherlands,2007,0.284916667
New Caledonia,2008,0.38025
New Caledonia,2009,-0.008916667
New Caledonia,2010,0.585416667
New Caledonia,2011,0.2475
New Caledonia,2012,-0.069666667
New Caledonia,2013,0.099291667
New Caledonia,2000,0
New Caledonia,2001,0.215666667
New Caledonia,2002,0.186
New Caledonia,2003,-0.021333333
New Caledonia,2004,0.084583333
New Caledonia,2005,0.077416667
New Caledonia,2006,-0.088916667
New Caledonia,2007,0.460166667
New Zealand,2008,0.056083333
New Zealand,2009,-0.462
New Zealand,2010,0.220166667
New Zealand,2011,0.047666667
New Zealand,2012,-0.458666667
New Zealand,2013,-0.027083333
New Zealand,2000,0
New Zealand,2001,0.0755
New Zealand,2002,-0.118
New Zealand,2003,-0.185333333
New Zealand,2004,-0.640166667
New Zealand,2005,0.259833333
New Zealand,2006,-0.41175
New Zealand,2007,-0.030416667
Nicaragua,2008,0.007166667
Nicaragua,2009,0.400333333
Nicaragua,2010,0.237583333
Nicaragua,2011,0.232666667
Nicaragua,2012,0.150583333
Nicaragua,2013,0.490222222
Nicaragua,2000,0
Nicaragua,2001,0.028666667
Nicaragua,2002,0.283583333
Nicaragua,2003,0.550916667
Nicaragua,2004,0.39725
Nicaragua,2005,0.457166667
Nicaragua,2006,0.55475
Nicaragua,2007,0.44175
Niger,2008,-0.074416667
Niger,2009,0.874583333
Niger,2010,1.324083333
Niger,2011,0.511583333
Niger,2012,0.096916667
Niger,2013,1.255541667
Niger,2000,0
Niger,2001,0.142166667
Niger,2002,0.173833333
Niger,2003,0.326416667
Niger,2004,0.39575
Niger,2005,0.660583333
Niger,2006,0.31525
Niger,2007,0.436083333
Nigeria,2008,0.292166667
Nigeria,2009,0.869416667
Nigeria,2010,0.97075
Nigeria,2011,0.58875
Nigeria,2012,0.374416667
Nigeria,2013,0.972375
Nigeria,2000,0
Nigeria,2001,0.061166667
Nigeria,2002,0.43075
Nigeria,2003,0.3955
Nigeria,2004,0.536
Nigeria,2005,0.691083333
Nigeria,2006,0.761583333
Nigeria,2007,0.656583333
Niue,2008,-0.188333333
Niue,2009,-0.69675
Niue,2010,0.206
Niue,2011,0.176666667
Niue,2012,-0.000166667
Niue,2013,0.24175
Niue,2000,0
Niue,2001,0.001333333
Niue,2002,0.18125
Niue,2003,-0.118666667
Niue,2004,0.034833333
Niue,2005,-0.10625
Niue,2006,-0.341
Niue,2007,0.184
North America,2008,-0.393583333
North America,2009,-0.201083333
North America,2010,0.947083333
North America,2011,0.206666667
North America,2012,0.679583333
North America,2013,1.947722222
North America,2000,0
North America,2001,0.402166667
North America,2002,-0.009916667
North America,2003,0.233833333
North America,2004,-0.363166667
North America,2005,0.523666667
North America,2006,0.813166667
North America,2007,0.086083333
North Korea,2008,0.774916667
North Korea,2009,0.26475
North Korea,2010,-0.163083333
North Korea,2011,-0.151333333
North Korea,2012,-0.411083333
North Korea,2013,0.9665
North Korea,2000,0
North Korea,2001,0.202083333
North Korea,2002,0.40075
North Korea,2003,0.529333333
North Korea,2004,0.919
North Korea,2005,-0.2165
North Korea,2006,0.415333333
North Korea,2007,0.986166667
Northern Mariana Islands,2008,0.00225
Northern Mariana Islands,2009,-0.094416667
Northern Mariana Islands,2010,-0.23125
Northern Mariana Islands,2011,-0.23275
Northern Mariana Islands,2012,-0.090083333
Northern Mariana Islands,2013,0.177208333
Northern Mariana Islands,2000,0
Northern Mariana Islands,2001,0.113333333
Northern Mariana Islands,2002,-0.076166667
Northern Mariana Islands,2003,-0.216333333
Northern Mariana Islands,2004,0.06475
Northern Mariana Islands,2005,-0.016
Northern Mariana Islands,2006,-0.052833333
Northern Mariana Islands,2007,-0.079583333
Norway,2008,-0.154416667
Norway,2009,-0.411416667
Norway,2010,-2.012416667
Norway,2011,0.322
Norway,2012,-0.65525
Norway,2013,-0.061541667
Norway,2000,0
Norway,2001,-1.094416667
Norway,2002,-0.426166667
Norway,2003,-0.513583333
Norway,2004,-0.272
Norway,2005,0.010416667
Norway,2006,0.45975
Norway,2007,-0.045333333
Oceania,2008,0.460833333
Oceania,2009,0.864333333
Oceania,2010,0.365083333
Oceania,2011,0.047583333
Oceania,2012,0.264
Oceania,2013,0.398833333
Oceania,2000,0
Oceania,2001,0.08475
Oceania,2002,0.685583333
Oceania,2003,0.662
Oceania,2004,0.500083333
Oceania,2005,1.08825
Oceania,2006,0.4775
Oceania,2007,0.70175
Oman,2008,-0.1705
Oman,2009,0.420083333
Oman,2010,0.53625
Oman,2011,0.22825
Oman,2012,0.289166667
Oman,2013,0.271958333
Oman,2000,0
Oman,2001,0.160916667
Oman,2002,0.07175
Oman,2003,0.346583333
Oman,2004,0.20275
Oman,2005,0.151333333
Oman,2006,0.122416667
Oman,2007,0.440583333
Pakistan,2008,-0.287333333
Pakistan,2009,0.088916667
Pakistan,2010,0.265416667
Pakistan,2011,-0.05425
Pakistan,2012,-0.6245
Pakistan,2013,0.498375
Pakistan,2000,0
Pakistan,2001,0.107916667
Pakistan,2002,0.203
Pakistan,2003,-0.390416667
Pakistan,2004,0.320583333
Pakistan,2005,-0.550083333
Pakistan,2006,-0.185583333
Pakistan,2007,-0.131583333
Palau,2008,-0.065
Palau,2009,0.026166667
Palau,2010,0.077
Palau,2011,-0.137333333
Palau,2012,0.0305
Palau,2013,0.129625
Palau,2000,0
Palau,2001,0.067833333
Palau,2002,0.111083333
Palau,2003,-0.061166667
Palau,2004,0.198166667
Palau,2005,0.028
Palau,2006,0.123666667
Palau,2007,0.152
Palestina,2008,0.300833333
Palestina,2009,0.032833333
Palestina,2010,0.926
Palestina,2011,0.01725
Palestina,2012,0.04025
Palestina,2013,0.232125
Palestina,2000,0
Palestina,2001,0.325
Palestina,2002,0.111166667
Palestina,2003,-0.070833333
Palestina,2004,-0.119916667
Palestina,2005,-0.105333333
Palestina,2006,-0.239416667
Palestina,2007,0.222083333
Palmyra Atoll,2008,0.052
Palmyra Atoll,2009,0.535916667
Palmyra Atoll,2010,0.39375
Palmyra Atoll,2011,0.22
Palmyra Atoll,2012,0.233333333
Palmyra Atoll,2013,0.394125
Palmyra Atoll,2000,0
Palmyra Atoll,2001,0.371916667
Palmyra Atoll,2002,0.553166667
Palmyra Atoll,2003,0.680166667
Palmyra Atoll,2004,0.579416667
Palmyra Atoll,2005,0.70975
Palmyra Atoll,2006,0.623166667
Palmyra Atoll,2007,0.344583333
Panama,2008,0.088833333
Panama,2009,0.557916667
Panama,2010,0.317333333
Panama,2011,-0.002583333
Panama,2012,0.370666667
Panama,2013,0.505666667
Panama,2000,0
Panama,2001,-0.046
Panama,2002,0.495166667
Panama,2003,0.536583333
Panama,2004,0.394083333
Panama,2005,0.373166667
Panama,2006,0.419916667
Panama,2007,0.347583333
Papua New Guinea,2008,-0.166083333
Papua New Guinea,2009,-0.158833333
Papua New Guinea,2010,0.4
Papua New Guinea,2011,-0.112166667
Papua New Guinea,2012,-0.098416667
Papua New Guinea,2013,0.127125
Papua New Guinea,2000,0
Papua New Guinea,2001,0.112666667
Papua New Guinea,2002,0.154333333
Papua New Guinea,2003,0.124833333
Papua New Guinea,2004,-0.033083333
Papua New Guinea,2005,0.09175
Papua New Guinea,2006,-0.203
Papua New Guinea,2007,-0.059333333
Paraguay,2008,0.19225
Paraguay,2009,0.5625
Paraguay,2010,-0.010666667
Paraguay,2011,0.365416667
Paraguay,2012,0.839666667
Paraguay,2013,-0.808333333
Paraguay,2000,0
Paraguay,2001,0.662166667
Paraguay,2002,1.132916667
Paraguay,2003,0.63775
Paraguay,2004,0.178416667
Paraguay,2005,0.194
Paraguay,2006,0.7505
Paraguay,2007,0.100583333
Peru,2008,-0.0055
Peru,2009,0.291166667
Peru,2010,0.352583333
Peru,2011,0.052166667
Peru,2012,0.228083333
Peru,2013,-0.255666667
Peru,2000,0
Peru,2001,-0.006166667
Peru,2002,0.304083333
Peru,2003,0.253666667
Peru,2004,0.211166667
Peru,2005,0.218666667
Peru,2006,0.309083333
Peru,2007,-0.04025
Philippines,2008,-0.134
Philippines,2009,-0.001
Philippines,2010,0.34675
Philippines,2011,-0.223833333
Philippines,2012,0.139166667
Philippines,2013,0.407
Philippines,2000,0
Philippines,2001,0.0945
Philippines,2002,0.073416667
Philippines,2003,0.005083333
Philippines,2004,0.080083333
Philippines,2005,0.134583333
Philippines,2006,0.168333333
Philippines,2007,0.15225
Poland,2008,-0.153
Poland,2009,-0.96925
Poland,2010,-2.00075
Poland,2011,-0.6705
Poland,2012,-1.084416667
Poland,2013,-0.364291667
Poland,2000,0
Poland,2001,-1.288333333
Poland,2002,-0.451
Poland,2003,-1.237083333
Poland,2004,-1.231666667
Poland,2005,-1.203666667
Poland,2006,-0.82225
Poland,2007,-0.204083333
Portugal,2008,-0.123
Portugal,2009,0.5905
Portugal,2010,0.29125
Portugal,2011,0.673416667
Portugal,2012,-0.000833333
Portugal,2013,0.49625
Portugal,2000,0
Portugal,2001,0.01475
Portugal,2002,0.070166667
Portugal,2003,0.422833333
Portugal,2004,0.070833333
Portugal,2005,0.143916667
Portugal,2006,0.609583333
Portugal,2007,-0.151916667
Puerto Rico,2008,0.311833333
Puerto Rico,2009,0.5515
Puerto Rico,2010,0.85175
Puerto Rico,2011,0.434333333
Puerto Rico,2012,0.683083333
Puerto Rico,2013,0.496722222
Puerto Rico,2000,0
Puerto Rico,2001,0.48375
Puerto Rico,2002,0.6955
Puerto Rico,2003,0.724166667
Puerto Rico,2004,0.313
Puerto Rico,2005,0.643166667
Puerto Rico,2006,0.66575
Puerto Rico,2007,0.831333333
Qatar,2008,-0.127666667
Qatar,2009,0.1295
Qatar,2010,0.896583333
Qatar,2011,0.1685
Qatar,2012,0.4915
Qatar,2013,0.58075
Qatar,2000,0
Qatar,2001,0.312666667
Qatar,2002,0.1925
Qatar,2003,0.332083333
Qatar,2004,0.147416667
Qatar,2005,0.020083333
Qatar,2006,0.078416667
Qatar,2007,0.177416667
Reunion,2008,0.049333333
Reunion,2009,0.387583333
Reunion,2010,0.4925
Reunion,2011,0.499083333
Reunion,2012,0.296583333
Reunion,2013,0.387708333
Reunion,2000,0
Reunion,2001,0.392
Reunion,2002,0.263916667
Reunion,2003,0.315583333
Reunion,2004,0.204
Reunion,2005,0.028416667
Reunion,2006,0.167666667
Reunion,2007,0.14525
Romania,2008,-0.01125
Romania,2009,-0.001583333
Romania,2010,-0.620583333
Romania,2011,-0.90325
Romania,2012,-0.171166667
Romania,2013,1.17325
Romania,2000,0
Romania,2001,-0.833666667
Romania,2002,-0.079583333
Romania,2003,-1.132083333
Romania,2004,-0.914083333
Romania,2005,-1.349083333
Romania,2006,-1.00325
Romania,2007,0.396083333
Russia,2008,1.24025
Russia,2009,-0.062833333
Russia,2010,0.025083333
Russia,2011,1.144083333
Russia,2012,0.643916667
Russia,2013,2.282541667
Russia,2000,0
Russia,2001,0.055
Russia,2002,0.42275
Russia,2003,0.712833333
Russia,2004,0.052083333
Russia,2005,1.047583333
Russia,2006,-0.217333333
Russia,2007,1.570583333
Rwanda,2008,-0.022583333
Rwanda,2009,0.269583333
Rwanda,2010,0.514
Rwanda,2011,0.020666667
Rwanda,2012,0.206333333
Rwanda,2013,0.350791667
Rwanda,2000,0
Rwanda,2001,-0.091833333
Rwanda,2002,0.194166667
Rwanda,2003,0.34125
Rwanda,2004,0.331833333
Rwanda,2005,0.6795
Rwanda,2006,0.40975
Rwanda,2007,0.010166667
Saint Barthélemy,2008,0.087666667
Saint Barthélemy,2009,0.415833333
Saint Barthélemy,2010,0.80325
Saint Barthélemy,2011,0.475583333
Saint Barthélemy,2012,0.5865
Saint Barthélemy,2013,0.31025
Saint Barthélemy,2000,0
Saint Barthélemy,2001,0.35575
Saint Barthélemy,2002,0.4855
Saint Barthélemy,2003,0.624666667
Saint Barthélemy,2004,0.28125
Saint Barthélemy,2005,0.679583333
Saint Barthélemy,2006,0.5835
Saint Barthélemy,2007,0.632333333
Saint Kitts And Nevis,2008,0.11875
Saint Kitts And Nevis,2009,0.443083333
Saint Kitts And Nevis,2010,0.890583333
Saint Kitts And Nevis,2011,0.39775
Saint Kitts And Nevis,2012,0.581666667
Saint Kitts And Nevis,2013,0.39225
Saint Kitts And Nevis,2000,0
Saint Kitts And Nevis,2001,0.39175
Saint Kitts And Nevis,2002,0.506416667
Saint Kitts And Nevis,2003,0.641583333
Saint Kitts And Nevis,2004,0.253833333
Saint Kitts And Nevis,2005,0.721416667
Saint Kitts And Nevis,2006,0.600916667
Saint Kitts And Nevis,2007,0.691166667
Saint Lucia,2008,0.13025
Saint Lucia,2009,0.416583333
Saint Lucia,2010,0.9275
Saint Lucia,2011,0.46175
Saint Lucia,2012,0.5005
Saint Lucia,2013,0.387083333
Saint Lucia,2000,0
Saint Lucia,2001,0.342833333
Saint Lucia,2002,0.384416667
Saint Lucia,2003,0.52925
Saint Lucia,2004,0.2995
Saint Lucia,2005,0.78025
Saint Lucia,2006,0.61375
Saint Lucia,2007,0.504833333
Saint Martin,2008,0.087666667
Saint Martin,2009,0.415833333
Saint Martin,2010,0.80325
Saint Martin,2011,0.475583333
Saint Martin,2012,0.5865
Saint Martin,2013,0.31025
Saint Martin,2000,0
Saint Martin,2001,0.35575
Saint Martin,2002,0.4855
Saint Martin,2003,0.624666667
Saint Martin,2004,0.28125
Saint Martin,2005,0.679583333
Saint Martin,2006,0.5835
Saint Martin,2007,0.632333333
Saint Pierre And Miquelon,2008,-0.306583333
Saint Pierre And Miquelon,2009,-0.385166667
Saint Pierre And Miquelon,2010,0.703583333
Saint Pierre And Miquelon,2011,-0.283416667
Saint Pierre And Miquelon,2012,0.83525
Saint Pierre And Miquelon,2013,1.059444444
Saint Pierre And Miquelon,2000,0
Saint Pierre And Miquelon,2001,-0.180833333
Saint Pierre And Miquelon,2002,-1.219666667
Saint Pierre And Miquelon,2003,-0.664666667
Saint Pierre And Miquelon,2004,-0.551333333
Saint Pierre And Miquelon,2005,-0.111333333
Saint Pierre And Miquelon,2006,0.673166667
Saint Pierre And Miquelon,2007,-0.88
Saint Vincent And The Grenadines,2008,0.163583333
Saint Vincent And The Grenadines,2009,0.424833333
Saint Vincent And The Grenadines,2010,0.914166667
Saint Vincent And The Grenadines,2011,0.446666667
Saint Vincent And The Grenadines,2012,0.518666667
Saint Vincent And The Grenadines,2013,0.418458333
Saint Vincent And The Grenadines,2000,0
Saint Vincent And The Grenadines,2001,0.348166667
Saint Vincent And The Grenadines,2002,0.383666667
Saint Vincent And The Grenadines,2003,0.526083333
Saint Vincent And The Grenadines,2004,0.280666667
Saint Vincent And The Grenadines,2005,0.764
Saint Vincent And The Grenadines,2006,0.602583333
Saint Vincent And The Grenadines,2007,0.498583333
Samoa,2008,-0.167166667
Samoa,2009,-0.11
Samoa,2010,0.323333333
Samoa,2011,-0.12275
Samoa,2012,0.088333333
Samoa,2013,0.338166667
Samoa,2000,0
Samoa,2001,0.1155
Samoa,2002,0.398333333
Samoa,2003,0.184333333
Samoa,2004,0.219416667
Samoa,2005,0.286
Samoa,2006,-0.003333333
Samoa,2007,0.310916667
San Marino,2008,-0.234916667
San Marino,2009,-0.091583333
San Marino,2010,-1.0275
San Marino,2011,0.012333333
San Marino,2012,-0.114666667
San Marino,2013,-0.326958333
San Marino,2000,0
San Marino,2001,-0.301333333
San Marino,2002,-0.3045
San Marino,2003,-0.0855
San Marino,2004,-0.81575
San Marino,2005,-1.493916667
San Marino,2006,-0.652583333
San Marino,2007,-0.07175
Sao Tome And Principe,2008,0.406
Sao Tome And Principe,2009,0.767
Sao Tome And Principe,2010,0.5775
Sao Tome And Principe,2011,0.295166667
Sao Tome And Principe,2012,0.204083333
Sao Tome And Principe,2013,0.3435
Sao Tome And Principe,2000,0
Sao Tome And Principe,2001,-0.132666667
Sao Tome And Principe,2002,0.20675
Sao Tome And Principe,2003,0.378333333
Sao Tome And Principe,2004,0.295583333
Sao Tome And Principe,2005,0.220583333
Sao Tome And Principe,2006,0.511166667
Sao Tome And Principe,2007,0.520416667
Saudi Arabia,2008,-0.165166667
Saudi Arabia,2009,0.184833333
Saudi Arabia,2010,0.887166667
Saudi Arabia,2011,-0.007666667
Saudi Arabia,2012,0.346
Saudi Arabia,2013,1.097833333
Saudi Arabia,2000,0
Saudi Arabia,2001,0.12675
Saudi Arabia,2002,-0.015583333
Saudi Arabia,2003,0.17375
Saudi Arabia,2004,-0.123916667
Saudi Arabia,2005,-0.147416667
Saudi Arabia,2006,-0.084333333
Saudi Arabia,2007,0.039666667
Senegal,2008,0.27
Senegal,2009,-0.052333333
Senegal,2010,0.77625
Senegal,2011,0.248833333
Senegal,2012,0.1095
Senegal,2013,0.775416667
Senegal,2000,0
Senegal,2001,0.41025
Senegal,2002,0.452083333
Senegal,2003,0.178083333
Senegal,2004,0.326
Senegal,2005,0.429
Senegal,2006,0.104666667
Senegal,2007,0.29075
Serbia,2008,-0.124666667
Serbia,2009,-0.378833333
Serbia,2010,-0.7985
Serbia,2011,-0.968
Serbia,2012,-0.33925
Serbia,2013,1.052625
Serbia,2000,0
Serbia,2001,-0.877833333
Serbia,2002,-0.377583333
Serbia,2003,-0.9955
Serbia,2004,-1.1745
Serbia,2005,-1.868416667
Serbia,2006,-1.216833333
Serbia,2007,-0.045083333
Seychelles,2008,0.197583333
Seychelles,2009,0.562
Seychelles,2010,0.565583333
Seychelles,2011,0.552416667
Seychelles,2012,0.593333333
Seychelles,2013,0.272375
Seychelles,2000,0
Seychelles,2001,0.288583333
Seychelles,2002,0.351833333
Seychelles,2003,0.506166667
Seychelles,2004,0.0785
Seychelles,2005,0.289166667
Seychelles,2006,0.290916667
Seychelles,2007,0.533333333
Sierra Leone,2008,0.431916667
Sierra Leone,2009,0.438166667
Sierra Leone,2010,0.630333333
Sierra Leone,2011,0.379416667
Sierra Leone,2012,0.129583333
Sierra Leone,2013,0.401166667
Sierra Leone,2000,0
Sierra Leone,2001,0.279916667
Sierra Leone,2002,0.445833333
Sierra Leone,2003,0.445583333
Sierra Leone,2004,0.432083333
Sierra Leone,2005,0.48175
Sierra Leone,2006,0.170916667
Sierra Leone,2007,0.290583333
Singapore,2008,-0.028833333
Singapore,2009,0.376833333
Singapore,2010,0.507
Singapore,2011,0.185666667
Singapore,2012,0.207083333
Singapore,2013,0.506375
Singapore,2000,0
Singapore,2001,0.092833333
Singapore,2002,0.309583333
Singapore,2003,0.215333333
Singapore,2004,0.232166667
Singapore,2005,0.397083333
Singapore,2006,0.231916667
Singapore,2007,0.0335
Sint Maarten,2008,0.087666667
Sint Maarten,2009,0.415833333
Sint Maarten,2010,0.80325
Sint Maarten,2011,0.475583333
Sint Maarten,2012,0.5865
Sint Maarten,2013,0.31025
Sint Maarten,2000,0
Sint Maarten,2001,0.35575
Sint Maarten,2002,0.4855
Sint Maarten,2003,0.624666667
Sint Maarten,2004,0.28125
Sint Maarten,2005,0.679583333
Sint Maarten,2006,0.5835
Sint Maarten,2007,0.632333333
Slovakia,2008,-0.084583333
Slovakia,2009,-0.480333333
Slovakia,2010,-1.409
Slovakia,2011,-0.636
Slovakia,2012,-0.608833333
Slovakia,2013,0.203625
Slovakia,2000,0
Slovakia,2001,-1.17425
Slovakia,2002,-0.345583333
Slovakia,2003,-0.994916667
Slovakia,2004,-1.336416667
Slovakia,2005,-1.545083333
Slovakia,2006,-0.953666667
Slovakia,2007,-0.003083333
Slovenia,2008,-0.342666667
Slovenia,2009,-0.353166667
Slovenia,2010,-1.396583333
Slovenia,2011,-0.3825
Slovenia,2012,-0.312333333
Slovenia,2013,0.154166667
Slovenia,2000,0
Slovenia,2001,-0.695916667
Slovenia,2002,-0.253333333
Slovenia,2003,-0.580916667
Slovenia,2004,-1.349333333
Slovenia,2005,-1.7955
Slovenia,2006,-0.867166667
Slovenia,2007,-0.128
Solomon Islands,2008,-0.080833333
Solomon Islands,2009,0.123083333
Solomon Islands,2010,0.3215
Solomon Islands,2011,-0.029
Solomon Islands,2012,-0.08475
Solomon Islands,2013,-0.0545
Solomon Islands,2000,0
Solomon Islands,2001,0.183583333
Solomon Islands,2002,0.110666667
Solomon Islands,2003,0.115
Solomon Islands,2004,-0.086166667
Solomon Islands,2005,0.118583333
Solomon Islands,2006,-0.057333333
Solomon Islands,2007,0.056666667
Somalia,2008,-0.258916667
Somalia,2009,0.234833333
Somalia,2010,0.11075
Somalia,2011,0.214166667
Somalia,2012,0.22825
Somalia,2013,0.265375
Somalia,2000,0
Somalia,2001,-0.232416667
Somalia,2002,-0.19425
Somalia,2003,0.076916667
Somalia,2004,-0.026583333
Somalia,2005,0.122166667
Somalia,2006,-0.057083333
Somalia,2007,0.1625
South Africa,2008,0.3705
South Africa,2009,0.300416667
South Africa,2010,0.717083333
South Africa,2011,-0.033166667
South Africa,2012,0.261333333
South Africa,2013,-0.260208333
South Africa,2000,0
South Africa,2001,0.282333333
South Africa,2002,0.363833333
South Africa,2003,0.676083333
South Africa,2004,0.49725
South Africa,2005,0.632333333
South Africa,2006,0.011916667
South Africa,2007,0.400666667
South America,2008,0.28825
South America,2009,0.487916667
South America,2010,0.512666667
South America,2011,0.308333333
South America,2012,0.557916667
South America,2013,0.040708333
South America,2000,0
South America,2001,0.339666667
South America,2002,0.519
South America,2003,0.485166667
South America,2004,0.409916667
South America,2005,0.50675
South America,2006,0.447083333
South America,2007,0.270333333
South Georgia And The South Sandwich Isla,2008,0.039833333
South Georgia And The South Sandwich Isla,2009,0.232666667
South Georgia And The South Sandwich Isla,2010,0.5525
South Georgia And The South Sandwich Isla,2011,0.480583333
South Georgia And The South Sandwich Isla,2012,-0.126416667
South Georgia And The South Sandwich Isla,2013,0.200041667
South Georgia And The South Sandwich Isla,2000,0
South Georgia And The South Sandwich Isla,2001,0.46775
South Georgia And The South Sandwich Isla,2002,-0.359333333
South Georgia And The South Sandwich Isla,2003,-0.08075
South Georgia And The South Sandwich Isla,2004,0.331
South Georgia And The South Sandwich Isla,2005,0.001833333
South Georgia And The South Sandwich Isla,2006,0.294083333
South Georgia And The South Sandwich Isla,2007,-0.576916667
South Korea,2008,0.452583333
South Korea,2009,0.374
South Korea,2010,0.064416667
South Korea,2011,-0.211833333
South Korea,2012,-0.183666667
South Korea,2013,1.185166667
South Korea,2000,0
South Korea,2001,0.26725
South Korea,2002,0.241833333
South Korea,2003,0.07125
South Korea,2004,0.78975
South Korea,2005,-0.218666667
South Korea,2006,0.328
South Korea,2007,0.717583333
Spain,2008,-0.23925
Spain,2009,0.499333333
Spain,2010,-0.22275
Spain,2011,0.852333333
Spain,2012,0.11125
Spain,2013,0.390125
Spain,2000,0
Spain,2001,0.147333333
Spain,2002,0.179166667
Spain,2003,0.528166667
Spain,2004,-0.072333333
Spain,2005,-0.165166667
Spain,2006,0.637166667
Spain,2007,-0.227416667
Sri Lanka,2008,-0.028583333
Sri Lanka,2009,0.275666667
Sri Lanka,2010,0.41375
Sri Lanka,2011,0.199416667
Sri Lanka,2012,0.480083333
Sri Lanka,2013,0.705375
Sri Lanka,2000,0
Sri Lanka,2001,0.193333333
Sri Lanka,2002,0.326166667
Sri Lanka,2003,0.327666667
Sri Lanka,2004,0.136583333
Sri Lanka,2005,0.254083333
Sri Lanka,2006,0.10225
Sri Lanka,2007,0.08675
Sudan,2008,0.384916667
Sudan,2009,0.891333333
Sudan,2010,1.191083333
Sudan,2011,0.351
Sudan,2012,0.411916667
Sudan,2013,1.115416667
Sudan,2000,0
Sudan,2001,0.26925
Sudan,2002,0.448833333
Sudan,2003,0.397166667
Sudan,2004,0.43675
Sudan,2005,0.57625
Sudan,2006,0.272833333
Sudan,2007,0.190916667
Suriname,2008,0.333416667
Suriname,2009,0.647
Suriname,2010,0.8265
Suriname,2011,0.474416667
Suriname,2012,0.603333333
Suriname,2013,0.371166667
Suriname,2000,0
Suriname,2001,0.218
Suriname,2002,0.317833333
Suriname,2003,0.6095
Suriname,2004,0.56425
Suriname,2005,0.897833333
Suriname,2006,0.459583333
Suriname,2007,0.3225
Svalbard And Jan Mayen,2008,-0.215083333
Svalbard And Jan Mayen,2009,0.249416667
Svalbard And Jan Mayen,2010,-0.285916667
Svalbard And Jan Mayen,2011,0.419416667
Svalbard And Jan Mayen,2012,1.964666667
Svalbard And Jan Mayen,2013,0.363666667
Svalbard And Jan Mayen,2000,0
Svalbard And Jan Mayen,2001,-0.555166667
Svalbard And Jan Mayen,2002,-0.598
Svalbard And Jan Mayen,2003,-2.068666667
Svalbard And Jan Mayen,2004,-0.623166667
Svalbard And Jan Mayen,2005,0.575166667
Svalbard And Jan Mayen,2006,1.49925
Svalbard And Jan Mayen,2007,0.73525
Swaziland,2008,0.397166667
Swaziland,2009,0.2695
Swaziland,2010,0.732833333
Swaziland,2011,0.3355
Swaziland,2012,0.54825
Swaziland,2013,-0.06525
Swaziland,2000,0
Swaziland,2001,0.5225
Swaziland,2002,0.572666667
Swaziland,2003,0.973666667
Swaziland,2004,0.446416667
Swaziland,2005,0.95225
Swaziland,2006,0.243333333
Swaziland,2007,0.5915
Sweden,2008,-0.203
Sweden,2009,-0.918583333
Sweden,2010,-2.7625
Sweden,2011,0.09775
Sweden,2012,-1.448166667
Sweden,2013,-0.22125
Sweden,2000,0
Sweden,2001,-1.281333333
Sweden,2002,-0.625666667
Sweden,2003,-0.688
Sweden,2004,-0.77325
Sweden,2005,-0.420833333
Sweden,2006,-0.066833333
Sweden,2007,-0.340416667
Switzerland,2008,-0.453
Switzerland,2009,-0.262
Switzerland,2010,-1.336166667
Switzerland,2011,0.284666667
Switzerland,2012,-0.403416667
Switzerland,2013,-0.385166667
Switzerland,2000,0
Switzerland,2001,-0.582916667
Switzerland,2002,-0.077833333
Switzerland,2003,0.107083333
Switzerland,2004,-0.716583333
Switzerland,2005,-0.98875
Switzerland,2006,-0.224916667
Switzerland,2007,-0.009916667
Syria,2008,0.387833333
Syria,2009,0.29675
Syria,2010,1.936
Syria,2011,-0.166333333
Syria,2012,0.58425
Syria,2013,1.247791667
Syria,2000,0
Syria,2001,0.622916667
Syria,2002,0.08325
Syria,2003,0.066
Syria,2004,-8.33e-05
Syria,2005,-0.031416667
Syria,2006,-0.029333333
Syria,2007,0.268166667
Taiwan,2008,0.009916667
Taiwan,2009,0.180666667
Taiwan,2010,0.040833333
Taiwan,2011,-0.43275
Taiwan,2012,-0.146166667
Taiwan,2013,0.3105
Taiwan,2000,0
Taiwan,2001,0.091666667
Taiwan,2002,0.4315
Taiwan,2003,0.181166667
Taiwan,2004,-0.0665
Taiwan,2005,-0.175416667
Taiwan,2006,0.416416667
Taiwan,2007,0.349666667
Tajikistan,2008,-0.217916667
Tajikistan,2009,-0.295666667
Tajikistan,2010,0.1715
Tajikistan,2011,-0.041
Tajikistan,2012,-1.055
Tajikistan,2013,1.170041667
Tajikistan,2000,0
Tajikistan,2001,0.325583333
Tajikistan,2002,-0.101333333
Tajikistan,2003,-0.502416667
Tajikistan,2004,0.4455
Tajikistan,2005,-0.208083333
Tajikistan,2006,0.13875
Tajikistan,2007,0.048583333
Tanzania,2008,-0.085166667
Tanzania,2009,0.358416667
Tanzania,2010,0.476083333
Tanzania,2011,0.277833333
Tanzania,2012,0.277083333
Tanzania,2013,-0.018833333
Tanzania,2000,0
Tanzania,2001,-0.044083333
Tanzania,2002,0.210166667
Tanzania,2003,0.4895
Tanzania,2004,0.254666667
Tanzania,2005,0.931833333
Tanzania,2006,0.253833333
Tanzania,2007,0.133916667
Thailand,2008,-0.080166667
Thailand,2009,0.345916667
Thailand,2010,1.0875
Thailand,2011,-0.0505
Thailand,2012,0.986833333
Thailand,2013,1.562708333
Thailand,2000,0
Thailand,2001,0.377666667
Thailand,2002,0.483916667
Thailand,2003,0.346833333
Thailand,2004,0.197833333
Thailand,2005,0.531
Thailand,2006,0.442666667
Thailand,2007,0.33475
Timor Leste,2008,0.219916667
Timor Leste,2009,0.555583333
Timor Leste,2010,0.70525
Timor Leste,2011,-0.066666667
Timor Leste,2012,0.119083333
Timor Leste,2013,0.2255
Timor Leste,2000,0
Timor Leste,2001,0.306416667
Timor Leste,2002,0.530583333
Timor Leste,2003,0.518333333
Timor Leste,2004,0.382
Timor Leste,2005,0.773166667
Timor Leste,2006,0.11575
Timor Leste,2007,0.390916667
Togo,2008,0.0225
Togo,2009,0.267916667
Togo,2010,0.617
Togo,2011,0.329583333
Togo,2012,-0.0225
Togo,2013,0.275583333
Togo,2000,0
Togo,2001,-0.031916667
Togo,2002,0.054833333
Togo,2003,0.224333333
Togo,2004,0.0925
Togo,2005,0.32425
Togo,2006,0.326083333
Togo,2007,0.421416667
Tonga,2008,-0.180083333
Tonga,2009,-0.89175
Tonga,2010,0.08575
Tonga,2011,0.208
Tonga,2012,-0.187
Tonga,2013,0.257208333
Tonga,2000,0
Tonga,2001,-0.033583333
Tonga,2002,-0.1355
Tonga,2003,-0.109166667
Tonga,2004,-0.137083333
Tonga,2005,-0.236583333
Tonga,2006,-0.212666667
Tonga,2007,0.149916667
Trinidad And Tobago,2008,0.199583333
Trinidad And Tobago,2009,0.413166667
Trinidad And Tobago,2010,0.91925
Trinidad And Tobago,2011,0.390583333
Trinidad And Tobago,2012,0.400666667
Trinidad And Tobago,2013,0.459541667
Trinidad And Tobago,2000,0
Trinidad And Tobago,2001,0.321416667
Trinidad And Tobago,2002,0.227166667
Trinidad And Tobago,2003,0.499
Trinidad And Tobago,2004,0.173833333
Trinidad And Tobago,2005,0.576166667
Trinidad And Tobago,2006,0.44275
Trinidad And Tobago,2007,0.270916667
Tunisia,2008,0.064083333
Tunisia,2009,-0.048
Tunisia,2010,0.46925
Tunisia,2011,-0.145583333
Tunisia,2012,0.338666667
Tunisia,2013,0.746625
Tunisia,2000,0
Tunisia,2001,0.56075
Tunisia,2002,0.187916667
Tunisia,2003,0.337083333
Tunisia,2004,-0.195416667
Tunisia,2005,-0.29475
Tunisia,2006,0.1695
Tunisia,2007,0.014166667
Turkey,2008,0.455916667
Turkey,2009,0.612916667
Turkey,2010,2.07975
Turkey,2011,-0.287416667
Turkey,2012,0.6525
Turkey,2013,1.824708333
Turkey,2000,0
Turkey,2001,1.081333333
Turkey,2002,0.137083333
Turkey,2003,0.129416667
Turkey,2004,0.10825
Turkey,2005,0.231
Turkey,2006,0.248166667
Turkey,2007,0.613416667
Turkmenistan,2008,-0.540083333
Turkmenistan,2009,-0.04275
Turkmenistan,2010,0.645666667
Turkmenistan,2011,-0.612
Turkmenistan,2012,-0.542333333
Turkmenistan,2013,2.215333333
Turkmenistan,2000,0
Turkmenistan,2001,0.175666667
Turkmenistan,2002,-0.018583333
Turkmenistan,2003,-0.75575
Turkmenistan,2004,0.265666667
Turkmenistan,2005,0.181
Turkmenistan,2006,0.111833333
Turkmenistan,2007,-0.096083333
Turks And Caicas Islands,2008,0.471083333
Turks And Caicas Islands,2009,0.482416667
Turks And Caicas Islands,2010,0.339416667
Turks And Caicas Islands,2011,0.478083333
Turks And Caicas Islands,2012,0.455666667
Turks And Caicas Islands,2013,0.483638889
Turks And Caicas Islands,2000,0
Turks And Caicas Islands,2001,0.289166667
Turks And Caicas Islands,2002,0.7445
Turks And Caicas Islands,2003,0.858416667
Turks And Caicas Islands,2004,0.574
Turks And Caicas Islands,2005,0.54025
Turks And Caicas Islands,2006,0.488666667
Turks And Caicas Islands,2007,0.640583333
Uganda,2008,-0.064666667
Uganda,2009,0.48625
Uganda,2010,0.361416667
Uganda,2011,0.165833333
Uganda,2012,0.24475
Uganda,2013,0.463708333
Uganda,2000,0
Uganda,2001,-0.155083333
Uganda,2002,0.269583333
Uganda,2003,0.282916667
Uganda,2004,0.251
Uganda,2005,0.468916667
Uganda,2006,0.209166667
Uganda,2007,-0.070416667
Ukraine,2008,0.243416667
Ukraine,2009,0.112166667
Ukraine,2010,0.136666667
Ukraine,2011,-0.5255
Ukraine,2012,-0.025666667
Ukraine,2013,1.597166667
Ukraine,2000,0
Ukraine,2001,-0.377666667
Ukraine,2002,0.060833333
Ukraine,2003,-1.096666667
Ukraine,2004,-0.465833333
Ukraine,2005,-0.399
Ukraine,2006,-0.861666667
Ukraine,2007,0.739083333
United Arab Emirates,2008,-0.19275
United Arab Emirates,2009,0.249916667
United Arab Emirates,2010,0.793583333
United Arab Emirates,2011,0.327666667
United Arab Emirates,2012,0.548083333
United Arab Emirates,2013,0.492875
United Arab Emirates,2000,0
United Arab Emirates,2001,0.131833333
United Arab Emirates,2002,0.18025
United Arab Emirates,2003,0.350583333
United Arab Emirates,2004,0.22625
United Arab Emirates,2005,0.115166667
United Arab Emirates,2006,0.106333333
United Arab Emirates,2007,0.278333333
United Kingdom (Europe),2008,-0.0605
United Kingdom (Europe),2009,0.065083333
United Kingdom (Europe),2010,-1.085666667
United Kingdom (Europe),2011,0.519666667
United Kingdom (Europe),2012,-0.380333333
United Kingdom (Europe),2013,-0.45725
United Kingdom (Europe),2000,0
United Kingdom (Europe),2001,-0.276833333
United Kingdom (Europe),2002,0.340333333
United Kingdom (Europe),2003,0.379
United Kingdom (Europe),2004,0.327166667
United Kingdom (Europe),2005,0.281833333
United Kingdom (Europe),2006,0.563333333
United Kingdom (Europe),2007,0.455666667
United Kingdom,2008,-0.031416667
United Kingdom,2009,0.073666667
United Kingdom,2010,-0.985333333
United Kingdom,2011,0.52825
United Kingdom,2012,-0.34225
United Kingdom,2013,-0.382166667
United Kingdom,2000,0
United Kingdom,2001,-0.239583333
United Kingdom,2002,0.3
United Kingdom,2003,0.362416667
United Kingdom,2004,0.357666667
United Kingdom,2005,0.275583333
United Kingdom,2006,0.56375
United Kingdom,2007,0.417833333
United States,2008,-0.698333333
United States,2009,-0.512666667
United States,2010,-0.144166667
United States,2011,-0.099833333
United States,2012,0.611333333
United States,2013,1.647361111
United States,2000,0
United States,2001,0.135833333
United States,2002,0.166416667
United States,2003,0.105333333
United States,2004,0.01775
United States,2005,0.242916667
United States,2006,0.32475
United States,2007,0.18775
Uruguay,2008,0.52375
Uruguay,2009,0.114583333
Uruguay,2010,0.163333333
Uruguay,2011,0.067833333
Uruguay,2012,0.75225
Uruguay,2013,-1.002375
Uruguay,2000,0
Uruguay,2001,0.8175
Uruguay,2002,0.237166667
Uruguay,2003,-0.152083333
Uruguay,2004,0.304083333
Uruguay,2005,0.437666667
Uruguay,2006,0.483666667
Uruguay,2007,-0.240583333
Uzbekistan,2008,-0.629833333
Uzbekistan,2009,-0.2385
Uzbekistan,2010,0.387083333
Uzbekistan,2011,-0.79775
Uzbekistan,2012,-0.794666667
Uzbekistan,2013,2.249416667
Uzbekistan,2000,0
Uzbekistan,2001,0.059166667
Uzbekistan,2002,-0.066916667
Uzbekistan,2003,-0.781166667
Uzbekistan,2004,0.503166667
Uzbekistan,2005,0.105166667
Uzbekistan,2006,-0.152583333
Uzbekistan,2007,-0.0105
Venezuela,2008,0.25975
Venezuela,2009,0.696416667
Venezuela,2010,0.76175
Venezuela,2011,0.288833333
Venezuela,2012,0.300083333
Venezuela,2013,0.524375
Venezuela,2000,0
Venezuela,2001,0.382833333
Venezuela,2002,0.383666667
Venezuela,2003,0.619833333
Venezuela,2004,0.429333333
Venezuela,2005,0.630916667
Venezuela,2006,0.461416667
Venezuela,2007,0.465583333
Vietnam,2008,-0.197916667
Vietnam,2009,0.483666667
Vietnam,2010,0.851416667
Vietnam,2011,-0.289333333
Vietnam,2012,0.722416667
Vietnam,2013,1.250208333
Vietnam,2000,0
Vietnam,2001,0.203
Vietnam,2002,0.411833333
Vietnam,2003,0.515833333
Vietnam,2004,0.075
Vietnam,2005,0.316083333
Vietnam,2006,0.541166667
Vietnam,2007,0.32025
Virgin Islands,2008,0.193416667
Virgin Islands,2009,0.507916667
Virgin Islands,2010,0.863083333
Virgin Islands,2011,0.428666667
Virgin Islands,2012,0.629583333
Virgin Islands,2013,0.58175
Virgin Islands,2000,0
Virgin Islands,2001,0.402583333
Virgin Islands,2002,0.56725
Virgin Islands,2003,0.646
Virgin Islands,2004,0.298666667
Virgin Islands,2005,0.694083333
Virgin Islands,2006,0.64425
Virgin Islands,2007,0.739416667
Western Sahara,2008,0.303
Western Sahara,2009,0.361
Western Sahara,2010,1.094166667
Western Sahara,2011,0.381166667
Western Sahara,2012,0.283333333
Western Sahara,2013,0.724166667
Western Sahara,2000,0
Western Sahara,2001,0.684833333
Western Sahara,2002,0.43775
Western Sahara,2003,0.388833333
Western Sahara,2004,0.400583333
Western Sahara,2005,0.487583333
Western Sahara,2006,0.42175
Western Sahara,2007,0.125333333
Yemen,2008,-0.628666667
Yemen,2009,-0.09375
Yemen,2010,-0.133416667
Yemen,2011,-0.147916667
Yemen,2012,0.008833333
Yemen,2013,0.693583333
Yemen,2000,0
Yemen,2001,-0.36725
Yemen,2002,-0.311
Yemen,2003,-0.078416667
Yemen,2004,-0.102083333
Yemen,2005,-0.1415
Yemen,2006,-0.261166667
Yemen,2007,-0.125416667
Zambia,2008,-0.022916667
Zambia,2009,0.1115
Zambia,2010,0.70875
Zambia,2011,0.212833333
Zambia,2012,0.139
Zambia,2013,-0.36275
Zambia,2000,0
Zambia,2001,0.243666667
Zambia,2002,0.733666667
Zambia,2003,0.598
Zambia,2004,0.209333333
Zambia,2005,1.25475
Zambia,2006,0.2255
Zambia,2007,0.27975
Zimbabwe,2008,0.396583333
Zimbabwe,2009,0.22825
Zimbabwe,2010,0.83725
Zimbabwe,2011,0.453416667
Zimbabwe,2012,0.372333333
Zimbabwe,2013,-0.43825
Zimbabwe,2000,0
Zimbabwe,2001,0.544666667
Zimbabwe,2002,0.932083333
Zimbabwe,2003,0.74225
Zimbabwe,2004,0.181916667
Zimbabwe,2005,1.360916667
Zimbabwe,2006,0.46975
Zimbabwe,2007,0.45525
