Country,2000,2001,2002,2003,2004,2005,2006,2007,2008,2009,2010,2011,2012,2013
Åland,0,-0.881833333,-0.48225,-0.959916667,-0.764666667,-0.55925,-0.18275,-0.254333333,0.208916667,-0.79425,-2.421416667,-0.112583333,-1.219416667,-1.053583333
Afghanistan,0,0.28025,0.039833333,-0.581833333,0.273083333,-0.517833333,0.09775,-0.391666667,-0.281333333,-0.240083333,0.330833333,0.020166667,-1.01625,1.035791667
Africa,0,0.253083333,0.37325,0.4375,0.307833333,0.568083333,0.230833333,0.263416667,0.166583333,0.438416667,0.884416667,0.198416667,0.137833333,0.620666667
Albania,0,-0.056166667,-0.186666667,-0.12,-0.488416667,-0.9995,-0.769666667,0.143916667,0.208583333,0.097666667,0.028833333,-0.303333333,0.021666667,1.247291667
Algeria,0,0.692166667,0.23075,0.361416667,-0.11625,0.190333333,0.168583333,0.033083333,-0.082,0.122083333,1.183416667,0.111916667,-0.077416667,1.08925
American Samoa,0,0.00775,0.318083333,0.045,0.061333333,0.153666667,-0.138583333,0.232583333,-0.22475,-0.185583333,0.233583333,-0.210333333,-0.018416667,0.297416667
Andorra,0,-0.095833333,0.007666667,0.58875,-0.268916667,-0.6685,0.522416667,-0.156666667,-0.333333333,0.25475,-0.831083333,0.6825,0.028,-0.004041667
Angola,0,0.14225,0.564833333,0.705916667,0.212166667,0.605416667,-0.413583333,0.066416667,-0.073333333,-0.044166667,0.320833333,-0.331,-0.237333333,0.147208333
Anguilla,0,0.35575,0.4855,0.624666667,0.28125,0.679583333,0.5835,0.632333333,0.087666667,0.415833333,0.80325,0.475583333,0.5865,0.31025
Antarctica,0,0,0,0,0,0,0,0,0,0,0,0,0,0
Antigua And Barbuda,0,0.36175,0.469666667,0.62175,0.259083333,0.706083333,0.574333333,0.617,0.073333333,0.38525,0.843333333,0.404083333,0.541416667,0.357541667
Argentina,0,0.619916667,0.43325,0.767833333,0.691666667,0.362333333,0.810583333,-0.122416667,0.7255,0.783916667,0.328333333,0.589166667,0.9385,-0.293375
Armenia,0,0.52525,-0.313166667,-0.495083333,-0.198,-0.18275,0.135333333,-0.382916667,-0.211416667,-0.076083333,1.591333333,-0.782166667,0.432583333,1.425583333
Aruba,0,0.502916667,0.72125,0.721666667,0.378,0.64425,0.676666667,0.694833333,0.32225,0.704,0.840333333,0.385333333,0.524333333,0.41325
Asia,0,0.198333333,0.39275,0.281416667,0.23625,0.414083333,0.154333333,0.848083333,0.512416667,0.18975,0.323,0.321416667,0.17675,1.794791667
Australia,0,0.083083333,0.751166667,0.730666667,0.57725,1.187166667,0.55475,0.777083333,0.51625,0.980916667,0.3685,0.057333333,0.314833333,0.433208333
Austria,0,-0.896,-0.169666667,-0.575583333,-1.178833333,-1.475416667,-0.807333333,-0.108416667,-0.283,-0.468916667,-1.435833333,-0.229333333,-0.473583333,-0.029791667
Azerbaijan,0,0.46525,-0.19975,-0.64725,-0.0125,0.05525,0.08025,-0.117166667,-0.2665,-0.020333333,1.330666667,-0.823333333,0.45475,1.541875
Bahamas,0,0.1315,0.667083333,0.731166667,0.400583333,0.3525,0.266583333,0.585583333,0.450583333,0.32,-0.22,0.554083333,0.36725,0.5625
Bahrain,0,0.36025,0.195666667,0.299916667,0.0795,-0.087583333,0.1505,0.145333333,-0.037666667,0.239583333,0.998916667,0.033083333,0.458583333,0.854625
Baker Island,0,0.125416667,0.335916667,0.213416667,0.164083333,0.19725,0.248083333,0.165416667,-0.146666667,0.29825,0.293083333,0.013833333,0.26925,0.519583333
Bangladesh,0,0.186833333,0.230166667,0.130666667,0.236166667,0.381833333,0.6155,0.193583333,0.239333333,0.75475,0.790166667,0.054916667,0.383416667,0.817333333
Barbados,0,0.31975,0.364,0.538,0.323333333,0.775083333,0.600166667,0.464333333,0.10175,0.41825,0.942583333,0.493166667,0.444583333,0.349041667
Belarus,0,-0.817583333,-0.207916667,-1.184916667,-1.004,-0.94175,-0.91775,0.018333333,0.220916667,-0.713416667,-0.872583333,-0.321333333,-1.074666667,0.356666667
Belgium,0,-0.490916667,0.0015,-0.164,-0.581666667,-0.306416667,0.061,0.11125,-0.529333333,-0.40575,-1.6725,0.271083333,-0.682416667,-0.974125
Belize,0,0.238916667,0.502333333,0.580333333,0.459083333,0.634,0.4235,0.57375,0.239666667,0.62275,0.217333333,0.55775,0.449416667,0.928333333
Benin,0,0.038166667,0.181833333,0.326916667,0.234333333,0.515666667,0.506666667,0.432833333,0.05325,0.518416667,0.687916667,0.4235,0.114166667,0.522958333
Bhutan,0,0.427333333,0.181916667,0.234166667,0.209666667,0.4475,0.855583333,0.701083333,0.457916667,1.116333333,0.948833333,0.401833333,0.281333333,1.332958333
Bolivia,0,0.156916667,0.528583333,0.185583333,0.493833333,0.294583333,0.392833333,0.052166667,0.111833333,0.301166667,0.36925,0.47825,0.53,-0.436291667
"Bonaire, Saint Eustatius And Saba",0,0.469,0.662416667,0.6995,0.279083333,0.673166667,0.668,0.723583333,0.368166667,0.727,0.958416667,0.439333333,0.58425,0.507458333
Bosnia And Herzegovina,0,-0.767416667,-0.28975,-0.652916667,-1.14975,-1.846,-1.076833333,-0.146333333,-0.091416667,-0.287416667,-0.876666667,-0.408333333,-0.119083333,0.731416667
Botswana,0,0.478166667,1.113333333,1.522833333,0.47375,1.4965,-0.068333333,0.528166667,0.438833333,0.267416667,0.857833333,0.08275,0.52775,-0.046583333
Brazil,0,0.307916667,0.603833333,0.4245,0.3,0.6095,0.3205,0.4715,0.213833333,0.404083333,0.615916667,0.232416667,0.520583333,0.151625
British Virgin Islands,0,0.402583333,0.56725,0.646,0.298666667,0.694083333,0.64425,0.739416667,0.193416667,0.507916667,0.863083333,0.428666667,0.629583333,0.58175
Bulgaria,0,-0.283,-0.2265,-0.953833333,-0.665166667,-1.12525,-0.78925,0.407166667,0.080916667,-0.012833333,-0.1405,-0.859,0.12075,1.505041667
Burkina Faso,0,0.14075,0.38675,0.292083333,0.39775,0.646916667,0.328833333,0.391833333,-0.101833333,0.491583333,0.697333333,0.46925,0.038583333,0.794083333
Burma,0,0.396416667,0.361583333,0.35725,0.177416667,0.65025,0.501333333,0.228833333,0.245083333,0.7705,0.927833333,0.1785,0.803583333,1.322041667
Burundi,0,-0.0855,0.154,0.3355,0.364583333,0.846333333,0.4705,-0.014916667,-0.027916667,0.168416667,0.472916667,-0.049916667,0.158416667,0.266916667
Côte D'Ivoire,0,0.271,0.367333333,0.537,0.42625,0.512583333,0.389166667,0.54225,0.355916667,0.532,0.74425,0.434916667,0.150083333,0.658791667
Cambodia,0,0.188666667,0.49825,0.24225,0.12225,0.332833333,0.35675,0.184666667,-0.160083333,0.195583333,0.818083333,-0.053666667,0.749083333,1.202458333
Cameroon,0,0.038916667,0.33725,0.399333333,0.557833333,0.654833333,0.680416667,0.596833333,0.508083333,0.794333333,0.85175,0.263583333,0.264,0.694625
Canada,0,0.925833333,-0.336916667,0.166416667,-0.897166667,0.717166667,1.56575,-0.035,-0.269333333,-0.109166667,2.138,0.468833333,0.849083333,2.38525
Cape Verde,0,0.569666667,0.38875,0.10975,0.177,0.417083333,0.3525,0.07775,0.253833333,-0.116833333,1.1165,0.592916667,0.387583333,-0.185416667
Cayman Islands,0,0.207333333,0.620916667,0.54925,0.484083333,0.44925,0.392916667,0.522083333,0.275333333,0.390916667,-0.067416667,0.340333333,0.019416667,0.456388889
Central African Republic,0,0.096833333,0.206083333,0.4015,0.526666667,0.718833333,0.59175,0.4545,0.355333333,0.897583333,0.7165,0.025416667,0.026166667,0.597541667
Chad,0,0.187416667,0.325,0.43025,0.569583333,0.763416667,0.600166667,0.412333333,0.254666667,0.876416667,1.248666667,0.337,0.253333333,0.908166667
Chile,0,0.255583333,0.178333333,0.514333333,0.64175,0.32775,0.609916667,-0.074166667,0.598416667,0.430333333,0.14875,0.468166667,0.7085,0.313291667
China,0,0.358333333,0.557583333,0.283916667,0.474666667,0.175416667,0.709916667,0.888666667,0.328,0.571416667,0.310333333,0.119,-0.161,2.056916667
Christmas Island,0,-0.026666667,0.3585,0.318,0.214166667,0.304333333,0.151666667,0.180083333,-0.095166667,0.169583333,0.4645,-0.01025,0.294916667,0.6355
Colombia,0,0.38175,0.540583333,0.625166667,0.52375,0.640666667,0.446416667,0.463833333,0.12375,0.588166667,0.6575,0.21675,0.351166667,0.549333333
Comoros,0,0.41875,0.66225,0.605,0.396416667,0.686666667,0.470333333,0.609083333,0.19275,0.59775,0.791333333,0.4585,0.38775,0.547375
Congo (Democratic Republic Of The),0,0.050083333,0.356583333,0.361166667,0.341583333,0.775916667,0.32075,0.178916667,0.135166667,0.3355,0.55275,-0.043,0.000166667,0.354208333
Congo,0,-0.053083333,0.261666667,0.27075,0.342166667,0.482916667,0.496666667,0.44375,0.506416667,0.56325,0.773416667,-0.010916667,0.0875,0.353375
Costa Rica,0,0.042166667,0.234583333,0.505333333,0.456333333,0.332083333,0.44275,0.31075,-0.016083333,0.45075,0.154583333,0.04125,0.209833333,0.385388889
Croatia,0,-0.815416667,-0.3275,-0.659416667,-1.307,-1.850166667,-0.98475,-0.159916667,-0.249333333,-0.351333333,-1.265583333,-0.47125,-0.252916667,0.362583333
Cuba,0,0.071416667,0.528,0.576583333,0.483916667,0.359083333,0.3695,0.49475,0.26975,0.237333333,-0.157666667,0.368,0.274,0.465444444
Curaçao,0,0.446333333,0.678833333,0.702,0.326583333,0.6455,0.70125,0.720583333,0.354416667,0.688416667,0.909416667,0.415666667,0.488916667,0.556416667
Cyprus,0,0.56975,0.287166667,0.293083333,0.15375,0.145083333,0.098166667,0.503333333,0.70275,0.715333333,1.51,0.239916667,0.57,0.907875
Czech Republic,0,-1.280166667,-0.455333333,-0.787666667,-1.213083333,-1.331083333,-0.793666667,-0.057666667,-0.24425,-0.693333333,-1.90675,-0.486833333,-0.731416667,-0.378
Denmark (Europe),0,-0.959166667,-0.139666667,-0.58425,-0.561166667,-0.5285,0.100916667,0.180583333,0.147166667,-0.4525,-2.287583333,-0.330083333,-0.994666667,-1.066541667
Denmark,0,-0.24325,0.533416667,1.077416667,0.053916667,1.1815,0.250166667,0.291416667,-0.018833333,0.041333333,1.73875,0.183083333,0.563583333,1.89725
Djibouti,0,-0.383083333,-0.328416667,-0.102166667,-0.319083333,-0.051416667,-0.082583333,-0.073666667,-0.52075,0.03675,-0.023,-0.015666667,0.063583333,0.88475
Dominica,0,0.330666667,0.364166667,0.5085,0.258166667,0.74775,0.577083333,0.522916667,0.093166667,0.379,0.915333333,0.416333333,0.540833333,0.350625
Dominican Republic,0,0.46025,0.700833333,0.745916667,0.478333333,0.64075,0.70525,0.745583333,0.318833333,0.542666667,0.575166667,0.370333333,0.459666667,0.409916667
Ecuador,0,0.210083333,0.737666667,0.642333333,0.621916667,0.5035,0.577166667,0.33375,0.19825,0.651166667,0.613916667,0.310666667,0.419916667,0.238125
Egypt,0,0.734916667,0.834833333,0.615,0.629666667,0.638833333,0.62425,0.702916667,1.0265,0.853583333,2.2705,0.45,0.8895,1.623833333
El Salvador,0,0.08575,0.30325,0.316916667,0.335416667,0.215666667,0.351333333,0.068,-0.158916667,0.380416667,0.0515,0.1425,0.153166667,0.503611111
Equatorial Guinea,0,-0.013333333,0.305916667,0.406833333,0.373583333,0.403333333,0.564833333,0.553083333,0.548166667,0.61225,0.681916667,0.325083333,0.31625,0.369916667
Eritrea,0,-0.106666667,0.122166667,0.2125,0.06025,0.17275,-0.02525,-0.031833333,0.077083333,0.575333333,0.536916667,0.0685,0.362833333,0.98625
Estonia,0,-1.03575,-0.797166667,-1.346583333,-1.067916667,-1.007333333,-0.476916667,-0.177916667,0.259083333,-0.946916667,-1.96575,-0.143416667,-1.52275,-0.047
Ethiopia,0,-0.101083333,0.060666667,0.094583333,0.016083333,0.134333333,0.0155,-0.038583333,-0.16,0.511,0.164916667,0.311583333,0.213583333,0.868916667
Europe,0,-0.653,-0.220083333,-0.45775,-0.609333333,-0.63875,-0.282666667,0.030583333,-0.135416667,-0.28975,-1.16025,-0.055666667,-0.527166667,0.230166667
Falkland Islands (Islas Malvinas),0,0.246333333,-0.356916667,0.1325,0.99025,0.20075,0.660916667,-0.06325,0.517833333,0.15875,0.466916667,0.73,0.30575,0.944833333
Faroe Islands,0,-0.066666667,0.698,1.027,0.658583333,0.127416667,0.68675,0.359,0.315416667,0.804166667,-0.365,0.476833333,-0.210333333,-0.115125
Federated States Of Micronesia,0,0.065916667,0.149833333,0.197,0.280833333,0.155916667,-0.05375,0.020083333,-0.1215,0.146166667,0.289333333,0.072166667,0.242833333,0.554416667
Fiji,0,-0.08575,-0.123833333,-0.3905,-0.329416667,-0.19375,-0.205666667,0.218166667,-0.107,-0.60975,0.081333333,-0.114333333,-0.358916667,0.104208333
Finland,0,-1.495416667,-1.3605,-1.090833333,-0.975916667,-0.360416667,-0.6985,-0.498333333,-0.38975,-1.151416667,-2.446916667,-0.0495,-1.683416667,0.473458333
France (Europe),0,-0.3765,0.029416667,0.338833333,-0.47175,-0.509,0.133166667,-0.16625,-0.537333333,-0.130583333,-1.2065,0.534666667,-0.406333333,-0.542333333
France,0,-0.270833333,0.080833333,0.370583333,-0.30325,-0.273083333,0.1765,-0.07075,-0.385833333,-0.025666667,-0.851916667,0.51225,-0.260166667,-0.382708333
French Guiana,0,0.246083333,0.379083333,0.666666667,0.622083333,1.08625,0.505166667,0.406833333,0.349666667,0.618583333,0.906,0.478666667,0.543666667,0.416208333
French Polynesia,0,-0.0165,0.346083333,0.280583333,0.093083333,0.217083333,0.198916667,0.17675,-0.15175,0.39625,0.305583333,-0.239,0.284,0.272041667
French Southern And Antarctic Lands,0,-0.059166667,-0.0255,0.291416667,0.218583333,0.232083333,0.0945,-0.17275,0.223166667,-0.049083333,0.41425,0.106333333,0.307583333,0.4615
Gabon,0,-0.058833333,0.2615,0.339583333,0.280833333,0.393,0.585333333,0.491166667,0.5555,0.56225,0.648583333,0.1585,0.25925,0.266083333
Gambia,0,0.426,0.484166667,0.164833333,0.30875,0.54125,0.113583333,0.301166667,0.282333333,-0.10475,0.739166667,0.21875,0.237916667,0.660625
Gaza Strip,0,0.679166667,0.40325,0.267916667,0.196333333,0.099333333,0.05775,0.403666667,0.644916667,0.537166667,2.023333333,-0.0325,0.699166667,0.901333333
Georgia,0,0.550583333,-0.105166667,-0.506583333,-0.092583333,0.102333333,0.092583333,0.21475,-0.002583333,0.240916667,1.79125,-0.787416667,0.476166667,1.375458333
Germany,0,-0.93,-0.383083333,-0.526166667,-0.967,-0.892,-0.314416667,-0.022916667,-0.37825,-0.66125,-2.011416667,-0.200833333,-0.79325,-0.785166667
Ghana,0,0.032833333,0.155166667,0.287583333,0.169916667,0.35525,0.335666667,0.38175,0.121916667,0.311666667,0.689083333,0.353833333,0.033583333,0.471583333
Greece,0,0.25825,-0.051,-0.20075,-0.217666667,-0.498,-0.460666667,0.409916667,0.381583333,0.282833333,0.697916667,-0.412,0.366166667,1.480166667
Greenland,0,-0.2285,0.5475,1.111666667,0.06675,1.216666667,0.253583333,0.29375,-0.022,0.0515,1.821583333,0.193583333,0.595666667,1.958166667
Grenada,0,0.31625,0.34025,0.525583333,0.283833333,0.717083333,0.55275,0.400083333,0.17275,0.435833333,0.918,0.471166667,0.4455,0.421958333
Guadeloupe,0,0.356916667,0.444583333,0.598416667,0.253166667,0.72075,0.57225,0.594083333,0.073333333,0.376333333,0.867333333,0.388166667,0.529916667,0.368416667
Guam,0,0.113333333,-0.076166667,-0.216333333,0.06475,-0.016,-0.052833333,-0.079583333,0.00225,-0.094416667,-0.23125,-0.23275,-0.090083333,0.177208333
Guatemala,0,0.155583333,0.40475,0.565,0.369083333,0.519416667,0.379416667,0.389666667,0.05325,0.511083333,0.25875,0.392,0.419333333,0.8625
Guernsey,0,-0.042583333,0.326083333,0.3165,0.031333333,0.131083333,0.26825,0.308666667,-0.157416667,-0.186416667,-0.958166667,0.57675,-0.274666667,-1.115375
Guinea Bissau,0,0.37475,0.506333333,0.17475,0.3445,0.670166667,0.063333333,0.229416667,0.294833333,0.021583333,0.630083333,0.20225,0.192666667,0.617916667
Guinea,0,0.319333333,0.545666667,0.440583333,0.435,0.538083333,0.151416667,0.348166667,0.318583333,0.3565,0.628083333,0.373833333,0.094,0.717583333
Guyana,0,0.183416667,0.2145,0.610083333,0.477916667,0.67475,0.4275,0.315166667,0.225416667,0.708,0.7225,0.289833333,0.406583333,0.293916667
Haiti,0,0.415166667,0.651083333,0.73575,0.579083333,0.582,0.623666667,0.689666667,0.328583333,0.546583333,0.40375,0.345,0.4465,0.432972222
Heard Island And Mcdonald Islands,0,-0.0365,-0.034083333,0.365833333,0.132916667,0.027166667,-0.076583333,-0.280083333,0.19525,-0.283416667,0.225583333,-0.137416667,0.172083333,0.30875
Honduras,0,0.001083333,0.278916667,0.395083333,0.31025,0.47275,0.43625,0.22975,-0.045833333,0.364916667,0.092,0.320583333,0.106916667,0.578666667
Hong Kong,0,0.166416667,0.397083333,0.2155,0.045916667,-0.144583333,0.3345,0.370166667,-0.299916667,0.149666667,-0.057666667,-0.433333333,0.0155,0.488875
Hungary,0,-1.176583333,-0.26825,-1.102416667,-1.388833333,-1.75775,-1.07125,0.006916667,-0.16925,-0.31925,-1.3525,-0.823333333,-0.406666667,0.601166667
Iceland,0,0.261666667,0.562583333,1.237583333,0.845166667,0.097083333,0.57925,0.458166667,0.209666667,0.36075,0.573166667,0.212166667,0.360166667,0.817
India,0,0.083916667,0.415,0.151916667,0.136583333,-0.002583333,0.234083333,0.151916667,-0.092,0.648666667,0.552833333,-0.082416667,0.142833333,0.91525
Indonesia,0,0.1395,0.33875,0.25525,0.244583333,0.2635,0.1915,0.102833333,-0.125,0.26475,0.34675,0.012,0.131833333,0.27675
Iran,0,0.58175,0.250333333,0.023083333,0.257833333,-0.085416667,0.319833333,-0.151666667,0.012833333,0.217416667,1.198083333,0.023333333,0.067583333,1.648916667
Iraq,0,0.52825,-0.09325,-0.029416667,-0.209916667,-0.29275,-0.0845,0.026166667,0.129333333,0.00925,1.6615,-0.395583333,0.440083333,1.251666667
Ireland,0,-0.107666667,0.289916667,0.391666667,0.308333333,0.445,0.523416667,0.711916667,0.028,0.0265,-0.872583333,0.214666667,-0.094916667,-0.156
Isle Of Man,0,-0.28625,0.266583333,0.317083333,0.3385,0.31875,0.566083333,0.5515,-0.020916667,0.03725,-1.154333333,0.451083333,-0.347666667,-1.027208333
Israel,0,0.699333333,0.497916667,0.383583333,0.260083333,0.207333333,0.17875,0.471166667,0.699666667,0.601,2.08075,0.100833333,0.775666667,0.991958333
Italy,0,-0.17125,-0.1915,0.171416667,-0.565666667,-1.096916667,-0.338166667,-0.052166667,-0.24425,-0.072583333,-0.800583333,0.047666667,-0.0465,0.0395
Jamaica,0,0.233666667,0.531333333,0.596416667,0.434416667,0.365583333,0.56475,0.5445,0.152083333,0.39075,0.051833333,0.171166667,0.415666667,0.655916667
Japan,0,-0.383833333,0.0035,-0.326833333,0.601833333,-0.277916667,-0.07675,0.358333333,0.041083333,0.1,0.38175,-0.096083333,-0.268166667,0.130916667
Jersey,0,-0.042583333,0.326083333,0.3165,0.031333333,0.131083333,0.26825,0.308666667,-0.157416667,-0.186416667,-0.958166667,0.57675,-0.274666667,-1.115375
Jordan,0,0.685583333,0.277583333,0.286166667,0.21,0.092166667,0.128083333,0.3945,0.5275,0.45325,2.18275,0.06925,0.775,1.273875
Kazakhstan,0,0.051666667,0.540166667,-0.63,0.631583333,0.237416667,0.108416667,0.39375,0.2675,-0.379333333,-0.051416667,-1.065166667,-0.686,2.175833333
Kenya,0,-0.258333333,-0.054916667,0.141666667,0.150416667,0.417,0.103416667,0.072083333,-0.066916667,0.511416667,0.244583333,0.249083333,0.20875,0.218583333
Kingman Reef,0,0.369,0.5535,0.6825,0.5835,0.710166667,0.627583333,0.336,0.041083333,0.535083333,0.39475,0.218916667,0.2255,0.389958333
Kiribati,0,0.313,0.578666667,0.687833333,0.604416667,0.734833333,0.67675,0.216166667,-0.11825,0.586916667,0.452416667,0.081416667,0.25925,0.472125
Kuwait,0,0.278666667,0.010666667,0.1205,-0.220666667,-0.388166667,-0.061416667,-0.045166667,-0.1095,0.077083333,1.262583333,-0.288583333,0.2995,0.897291667
Kyrgyzstan,0,0.05025,-0.02175,-0.688416667,0.2985,-0.212666667,0.186583333,0.3225,-0.153166667,-0.381583333,-0.135,-0.529166667,-1.153833333,1.532375
Laos,0,0.319916667,0.38525,0.49675,0.028583333,0.482583333,0.570333333,0.375583333,-0.203583333,0.530333333,1.099,-0.2245,1.0725,1.550083333
Latvia,0,-0.957833333,-0.5795,-1.219833333,-1.163,-1.122583333,-0.5265,-0.218166667,0.184,-0.93775,-1.786,-0.251833333,-1.45375,-0.174708333
Lebanon,0,0.685416667,0.29975,0.176666667,0.096916667,0.015416667,-0.063,0.377833333,0.579833333,0.474916667,1.8915,-0.115666667,0.61175,0.800916667
Lesotho,0,0.2795,0.333416667,0.630916667,0.509,0.522583333,-0.150416667,0.471416667,0.373833333,0.20325,0.852916667,-0.027,0.332583333,-0.280291667
Liberia,0,0.29375,0.376333333,0.527166667,0.42375,0.431166667,0.323416667,0.430083333,0.437666667,0.63425,0.673,0.380916667,0.135833333,0.45425
Libya,0,0.578083333,0.574333333,0.533916667,0.443333333,0.421583333,0.48,0.49075,0.63925,0.54475,1.680833333,0.15325,0.435583333,1.478916667
Liechtenstein,0,-0.740333333,-0.065083333,-0.204083333,-0.898333333,-1.31575,-0.387583333,-0.0495,-0.3865,-0.43525,-1.480916667,0.234333333,-0.452666667,-0.326375
Lithuania,0,-0.98725,-0.401583333,-1.277333333,-1.272333333,-1.186666667,-0.685666667,-0.253666667,0.067666667,-1.011583333,-1.781833333,-0.472666667,-1.384083333,-0.303666667
Luxembourg,0,-0.586166667,-0.07875,-0.092166667,-0.809666667,-0.484666667,-0.062416667,-0.031083333,-0.664083333,-0.464666667,-1.658083333,0.23925,-0.6835,-0.8925
Macau,0,0.161583333,0.362583333,0.236583333,0.056333333,-0.1315,0.364916667,0.399166667,-0.348,0.135916667,-0.042083333,-0.446416667,0.041666667,0.535833333
Macedonia,0,-0.1115,-0.300916667,-0.374333333,-0.523416667,-1.032,-0.829416667,0.32375,0.342083333,0.061833333,0.159,-0.558166667,-0.044083333,1.678125
Madagascar,0,0.266583333,0.297166667,0.174916667,0.132666667,0.3015,0.340833333,0.329416667,0.011916667,0.298333333,0.525833333,0.4565,0.005,-0.360833333
Malawi,0,0.284333333,0.509583333,0.519083333,0.1515,1.09675,0.38775,0.383916667,0.108083333,0.300416667,0.88625,0.598833333,0.173,-0.445041667
Malaysia,0,0.128666667,0.374083333,0.205333333,0.204583333,0.278166667,0.20625,0.124916667,-0.117333333,0.270583333,0.43525,0.069166667,0.251333333,0.602083333
Mali,0,0.1605,0.276166667,0.278666667,0.275666667,0.375916667,-0.112416667,0.051833333,-0.200416667,0.290583333,0.97675,0.286333333,-0.5485,0.791666667
Malta,0,0.3005,-0.057333333,0.147416667,-0.438,-0.734083333,-0.007833333,0.14075,0.209,-0.029916667,0.05525,-0.295666667,0.22,-0.171791667
Martinique,0,0.330666667,0.364166667,0.5085,0.258166667,0.74775,0.577083333,0.522916667,0.093166667,0.379,0.915333333,0.416333333,0.540833333,0.350625
Mauritania,0,0.522833333,0.294666667,0.20325,0.272666667,0.396666667,0.094916667,0.096333333,0.039416667,0.07575,1.017333333,0.277333333,-0.32875,0.754416667
Mauritius,0,0.487916667,0.393166667,0.5145,0.252,0.153333333,0.317166667,0.28175,0.186416667,0.58225,0.6665,0.51975,0.371416667,0.309791667
Mayotte,0,0.41875,0.764583333,0.532666667,0.399166667,0.656666667,0.541916667,0.64725,0.305333333,0.628666667,0.842083333,0.57925,0.360666667,0.522416667
Mexico,0,-0.099083333,-0.007083333,0.097333333,-0.30725,0.181416667,0.186,-0.15275,-0.146833333,0.314,-0.379166667,0.36725,0.420333333,0.987138889
Moldova,0,-0.689166667,-0.148916667,-1.261583333,-0.788166667,-0.847333333,-1.098166667,0.668916667,0.054416667,0.041916667,-0.464333333,-0.8195,-0.102416667,1.2705
Monaco,0,-0.017666667,0.030666667,0.496583333,-0.29125,-0.711083333,0.225416667,0.1815,-0.25525,0.199916667,-1.005833333,0.494,0.019166667,0.1875
Mongolia,0,0.575333333,0.920916667,-0.128583333,0.915666667,-0.314833333,0.776916667,1.900583333,0.940583333,0.3895,-0.493666667,-0.267,-0.77125,2.63275
Montenegro,0,-0.326083333,-0.144166667,-0.283083333,-0.740083333,-1.435583333,-1.0005,0.03375,0.066333333,-0.098666667,-0.316916667,-0.326666667,-0.0295,1.309041667
Montserrat,0,0.363583333,0.464666667,0.620583333,0.251916667,0.714166667,0.571333333,0.611833333,0.06875,0.375666667,0.8555,0.381416667,0.527416667,0.372166667
Morocco,0,0.668833333,0.1475,0.290916667,-0.079083333,0.015666667,0.228083333,-0.145416667,-0.182916667,0.445666667,0.869916667,0.31375,0.103666667,0.740166667
Mozambique,0,0.330666667,0.507916667,0.503,0.152333333,0.9135,0.383166667,0.304166667,0.11025,0.161083333,0.6855,0.381916667,0.089333333,-0.43225
Namibia,0,0.2195,0.529916667,1.023166667,0.626166667,0.45625,-0.635833333,0.162916667,0.003416667,-0.041416667,0.374583333,-0.66725,-0.222666667,0.248208333
Nepal,0,0.310916667,0.369333333,0.190916667,0.2725,0.336833333,0.776666667,0.37775,0.12975,0.797666667,0.834666667,0.001333333,0.1405,0.671916667
Netherlands (Europe),0,-0.546083333,-0.104333333,-0.427833333,-0.493333333,-0.300416667,0.177,0.275666667,-0.323333333,-0.420333333,-1.900333333,-0.0375,-0.691833333,-1.28625
Netherlands,0,-0.5245,-0.088,-0.403666667,-0.476,-0.279833333,0.187833333,0.284916667,-0.308916667,-0.396333333,-1.838916667,-0.0275,-0.665333333,-1.247
New Caledonia,0,0.215666667,0.186,-0.021333333,0.084583333,0.077416667,-0.088916667,0.460166667,0.38025,-0.008916667,0.585416667,0.2475,-0.069666667,0.099291667
New Zealand,0,0.0755,-0.118,-0.185333333,-0.640166667,0.259833333,-0.41175,-0.030416667,0.056083333,-0.462,0.220166667,0.047666667,-0.458666667,-0.027083333
Nicaragua,0,0.028666667,0.283583333,0.550916667,0.39725,0.457166667,0.55475,0.44175,0.007166667,0.400333333,0.237583333,0.232666667,0.150583333,0.490222222
Niger,0,0.142166667,0.173833333,0.326416667,0.39575,0.660583333,0.31525,0.436083333,-0.074416667,0.874583333,1.324083333,0.511583333,0.096916667,1.255541667
Nigeria,0,0.061166667,0.43075,0.3955,0.536,0.691083333,0.761583333,0.656583333,0.292166667,0.869416667,0.97075,0.58875,0.374416667,0.972375
Niue,0,0.001333333,0.18125,-0.118666667,0.034833333,-0.10625,-0.341,0.184,-0.188333333,-0.69675,0.206,0.176666667,-0.000166667,0.24175
North America,0,0.402166667,-0.009916667,0.233833333,-0.363166667,0.523666667,0.813166667,0.086083333,-0.393583333,-0.201083333,0.947083333,0.206666667,0.679583333,1.947722222
North Korea,0,0.202083333,0.40075,0.529333333,0.919,-0.2165,0.415333333,0.986166667,0.774916667,0.26475,-0.163083333,-0.151333333,-0.411083333,0.9665
Northern Mariana Islands,0,0.113333333,-0.076166667,-0.216333333,0.06475,-0.016,-0.052833333,-0.079583333,0.00225,-0.094416667,-0.23125,-0.23275,-0.090083333,0.177208333
Norway,0,-1.094416667,-0.426166667,-0.513583333,-0.272,0.010416667,0.45975,-0.045333333,-0.154416667,-0.411416667,-2.012416667,0.322,-0.65525,-0.061541667
Oceania,0,0.08475,0.685583333,0.662,0.500083333,1.08825,0.4775,0.70175,0.460833333,0.864333333,0.365083333,0.047583333,0.264,0.398833333
Oman,0,0.160916667,0.07175,0.346583333,0.20275,0.151333333,0.122416667,0.440583333,-0.1705,0.420083333,0.53625,0.22825,0.289166667,0.271958333
Pakistan,0,0.107916667,0.203,-0.390416667,0.320583333,-0.550083333,-0.185583333,-0.131583333,-0.287333333,0.088916667,0.265416667,-0.05425,-0.6245,0.498375
Palau,0,0.067833333,0.111083333,-0.061166667,0.198166667,0.028,0.123666667,0.152,-0.065,0.026166667,0.077,-0.137333333,0.0305,0.129625
Palestina,0,0.325,0.111166667,-0.070833333,-0.119916667,-0.105333333,-0.239416667,0.222083333,0.300833333,0.032833333,0.926,0.01725,0.04025,0.232125
Palmyra Atoll,0,0.371916667,0.553166667,0.680166667,0.579416667,0.70975,0.623166667,0.344583333,0.052,0.535916667,0.39375,0.22,0.233333333,0.394125
Panama,0,-0.046,0.495166667,0.536583333,0.394083333,0.373166667,0.419916667,0.347583333,0.088833333,0.557916667,0.317333333,-0.002583333,0.370666667,0.505666667
Papua New Guinea,0,0.112666667,0.154333333,0.124833333,-0.033083333,0.09175,-0.203,-0.059333333,-0.166083333,-0.158833333,0.4,-0.112166667,-0.098416667,0.127125
Paraguay,0,0.662166667,1.132916667,0.63775,0.178416667,0.194,0.7505,0.100583333,0.19225,0.5625,-0.010666667,0.365416667,0.839666667,-0.808333333
Peru,0,-0.006166667,0.304083333,0.253666667,0.211166667,0.218666667,0.309083333,-0.04025,-0.0055,0.291166667,0.352583333,0.052166667,0.228083333,-0.255666667
Philippines,0,0.0945,0.073416667,0.005083333,0.080083333,0.134583333,0.168333333,0.15225,-0.134,-0.001,0.34675,-0.223833333,0.139166667,0.407
Poland,0,-1.288333333,-0.451,-1.237083333,-1.231666667,-1.203666667,-0.82225,-0.204083333,-0.153,-0.96925,-2.00075,-0.6705,-1.084416667,-0.364291667
Portugal,0,0.01475,0.070166667,0.422833333,0.070833333,0.143916667,0.609583333,-0.151916667,-0.123,0.5905,0.29125,0.673416667,-0.000833333,0.49625
Puerto Rico,0,0.48375,0.6955,0.724166667,0.313,0.643166667,0.66575,0.831333333,0.311833333,0.5515,0.85175,0.434333333,0.683083333,0.496722222
Qatar,0,0.312666667,0.1925,0.332083333,0.147416667,0.020083333,0.078416667,0.177416667,-0.127666667,0.1295,0.896583333,0.1685,0.4915,0.58075
Reunion,0,0.392,0.263916667,0.315583333,0.204,0.028416667,0.167666667,0.14525,0.049333333,0.387583333,0.4925,0.499083333,0.296583333,0.387708333
Romania,0,-0.833666667,-0.079583333,-1.132083333,-0.914083333,-1.349083333,-1.00325,0.396083333,-0.01125,-0.001583333,-0.620583333,-0.90325,-0.171166667,1.17325
Russia,0,0.055,0.42275,0.712833333,0.052083333,1.047583333,-0.217333333,1.570583333,1.24025,-0.062833333,0.025083333,1.144083333,0.643916667,2.282541667
Rwanda,0,-0.091833333,0.194166667,0.34125,0.331833333,0.6795,0.40975,0.010166667,-0.022583333,0.269583333,0.514,0.020666667,0.206333333,0.350791667
Saint Barthélemy,0,0.35575,0.4855,0.624666667,0.28125,0.679583333,0.5835,0.632333333,0.087666667,0.415833333,0.80325,0.475583333,0.5865,0.31025
Saint Kitts And Nevis,0,0.39175,0.506416667,0.641583333,0.253833333,0.721416667,0.600916667,0.691166667,0.11875,0.443083333,0.890583333,0.39775,0.581666667,0.39225
Saint Lucia,0,0.342833333,0.384416667,0.52925,0.2995,0.78025,0.61375,0.504833333,0.13025,0.416583333,0.9275,0.46175,0.5005,0.387083333
Saint Martin,0,0.35575,0.4855,0.624666667,0.28125,0.679583333,0.5835,0.632333333,0.087666667,0.415833333,0.80325,0.475583333,0.5865,0.31025
Saint Pierre And Miquelon,0,-0.180833333,-1.219666667,-0.664666667,-0.551333333,-0.111333333,0.673166667,-0.88,-0.306583333,-0.385166667,0.703583333,-0.283416667,0.83525,1.059444444
Saint Vincent And The Grenadines,0,0.348166667,0.383666667,0.526083333,0.280666667,0.764,0.602583333,0.498583333,0.163583333,0.424833333,0.914166667,0.446666667,0.518666667,0.418458333
Samoa,0,0.1155,0.398333333,0.184333333,0.219416667,0.286,-0.003333333,0.310916667,-0.167166667,-0.11,0.323333333,-0.12275,0.088333333,0.338166667
San Marino,0,-0.301333333,-0.3045,-0.0855,-0.81575,-1.493916667,-0.652583333,-0.07175,-0.234916667,-0.091583333,-1.0275,0.012333333,-0.114666667,-0.326958333
Sao Tome And Principe,0,-0.132666667,0.20675,0.378333333,0.295583333,0.220583333,0.511166667,0.520416667,0.406,0.767,0.5775,0.295166667,0.204083333,0.3435
Saudi Arabia,0,0.12675,-0.015583333,0.17375,-0.123916667,-0.147416667,-0.084333333,0.039666667,-0.165166667,0.184833333,0.887166667,-0.007666667,0.346,1.097833333
Senegal,0,0.41025,0.452083333,0.178083333,0.326,0.429,0.104666667,0.29075,0.27,-0.052333333,0.77625,0.248833333,0.1095,0.775416667
Serbia,0,-0.877833333,-0.377583333,-0.9955,-1.1745,-1.868416667,-1.216833333,-0.045083333,-0.124666667,-0.378833333,-0.7985,-0.968,-0.33925,1.052625
Seychelles,0,0.288583333,0.351833333,0.506166667,0.0785,0.289166667,0.290916667,0.533333333,0.197583333,0.562,0.565583333,0.552416667,0.593333333,0.272375
Sierra Leone,0,0.279916667,0.445833333,0.445583333,0.432083333,0.48175,0.170916667,0.290583333,0.431916667,0.438166667,0.630333333,0.379416667,0.129583333,0.401166667
Singapore,0,0.092833333,0.309583333,0.215333333,0.232166667,0.397083333,0.231916667,0.0335,-0.028833333,0.376833333,0.507,0.185666667,0.207083333,0.506375
Sint Maarten,0,0.35575,0.4855,0.624666667,0.28125,0.679583333,0.5835,0.632333333,0.087666667,0.415833333,0.80325,0.475583333,0.5865,0.31025
Slovakia,0,-1.17425,-0.345583333,-0.994916667,-1.336416667,-1.545083333,-0.953666667,-0.003083333,-0.084583333,-0.480333333,-1.409,-0.636,-0.608833333,0.203625
Slovenia,0,-0.695916667,-0.253333333,-0.580916667,-1.349333333,-1.7955,-0.867166667,-0.128,-0.342666667,-0.353166667,-1.396583333,-0.3825,-0.312333333,0.154166667
Solomon Islands,0,0.183583333,0.110666667,0.115,-0.086166667,0.118583333,-0.057333333,0.056666667,-0.080833333,0.123083333,0.3215,-0.029,-0.08475,-0.0545
Somalia,0,-0.232416667,-0.19425,0.076916667,-0.026583333,0.122166667,-0.057083333,0.1625,-0.258916667,0.234833333,0.11075,0.214166667,0.22825,0.265375
South Africa,0,0.282333333,0.363833333,0.676083333,0.49725,0.632333333,0.011916667,0.400666667,0.3705,0.300416667,0.717083333,-0.033166667,0.261333333,-0.260208333
South America,0,0.339666667,0.519,0.485166667,0.409916667,0.50675,0.447083333,0.270333333,0.28825,0.487916667,0.512666667,0.308333333,0.557916667,0.040708333
South Georgia And The South Sandwich Isla,0,0.46775,-0.359333333,-0.08075,0.331,0.001833333,0.294083333,-0.576916667,0.039833333,0.232666667,0.5525,0.480583333,-0.126416667,0.200041667
South Korea,0,0.26725,0.241833333,0.07125,0.78975,-0.218666667,0.328,0.717583333,0.452583333,0.374,0.064416667,-0.211833333,-0.183666667,1.185166667
Spain,0,0.147333333,0.179166667,0.528166667,-0.072333333,-0.165166667,0.637166667,-0.227416667,-0.23925,0.499333333,-0.22275,0.852333333,0.11125,0.390125
Sri Lanka,0,0.193333333,0.326166667,0.327666667,0.136583333,0.254083333,0.10225,0.08675,-0.028583333,0.275666667,0.41375,0.199416667,0.480083333,0.705375
Sudan,0,0.26925,0.448833333,0.397166667,0.43675,0.57625,0.272833333,0.190916667,0.384916667,0.891333333,1.191083333,0.351,0.411916667,1.115416667
Suriname,0,0.218,0.317833333,0.6095,0.56425,0.897833333,0.459583333,0.3225,0.333416667,0.647,0.8265,0.474416667,0.603333333,0.371166667
Svalbard And Jan Mayen,0,-0.555166667,-0.598,-2.068666667,-0.623166667,0.575166667,1.49925,0.73525,-0.215083333,0.249416667,-0.285916667,0.419416667,1.964666667,0.363666667
Swaziland,0,0.5225,0.572666667,0.973666667,0.446416667,0.95225,0.243333333,0.5915,0.397166667,0.2695,0.732833333,0.3355,0.54825,-0.06525
Sweden,0,-1.281333333,-0.625666667,-0.688,-0.77325,-0.420833333,-0.066833333,-0.340416667,-0.203,-0.918583333,-2.7625,0.09775,-1.448166667,-0.22125
Switzerland,0,-0.582916667,-0.077833333,0.107083333,-0.716583333,-0.98875,-0.224916667,-0.009916667,-0.453,-0.262,-1.336166667,0.284666667,-0.403416667,-0.385166667
Syria,0,0.622916667,0.08325,0.066,-8.33333E-05,-0.031416667,-0.029333333,0.268166667,0.387833333,0.29675,1.936,-0.166333333,0.58425,1.247791667
Taiwan,0,0.091666667,0.4315,0.181166667,-0.0665,-0.175416667,0.416416667,0.349666667,0.009916667,0.180666667,0.040833333,-0.43275,-0.146166667,0.3105
Tajikistan,0,0.325583333,-0.101333333,-0.502416667,0.4455,-0.208083333,0.13875,0.048583333,-0.217916667,-0.295666667,0.1715,-0.041,-1.055,1.170041667
Tanzania,0,-0.044083333,0.210166667,0.4895,0.254666667,0.931833333,0.253833333,0.133916667,-0.085166667,0.358416667,0.476083333,0.277833333,0.277083333,-0.018833333
Thailand,0,0.377666667,0.483916667,0.346833333,0.197833333,0.531,0.442666667,0.33475,-0.080166667,0.345916667,1.0875,-0.0505,0.986833333,1.562708333
Timor Leste,0,0.306416667,0.530583333,0.518333333,0.382,0.773166667,0.11575,0.390916667,0.219916667,0.555583333,0.70525,-0.066666667,0.119083333,0.2255
Togo,0,-0.031916667,0.054833333,0.224333333,0.0925,0.32425,0.326083333,0.421416667,0.0225,0.267916667,0.617,0.329583333,-0.0225,0.275583333
Tonga,0,-0.033583333,-0.1355,-0.109166667,-0.137083333,-0.236583333,-0.212666667,0.149916667,-0.180083333,-0.89175,0.08575,0.208,-0.187,0.257208333
Trinidad And Tobago,0,0.321416667,0.227166667,0.499,0.173833333,0.576166667,0.44275,0.270916667,0.199583333,0.413166667,0.91925,0.390583333,0.400666667,0.459541667
Tunisia,0,0.56075,0.187916667,0.337083333,-0.195416667,-0.29475,0.1695,0.014166667,0.064083333,-0.048,0.46925,-0.145583333,0.338666667,0.746625
Turkey,0,1.081333333,0.137083333,0.129416667,0.10825,0.231,0.248166667,0.613416667,0.455916667,0.612916667,2.07975,-0.287416667,0.6525,1.824708333
Turkmenistan,0,0.175666667,-0.018583333,-0.75575,0.265666667,0.181,0.111833333,-0.096083333,-0.540083333,-0.04275,0.645666667,-0.612,-0.542333333,2.215333333
Turks And Caicas Islands,0,0.289166667,0.7445,0.858416667,0.574,0.54025,0.488666667,0.640583333,0.471083333,0.482416667,0.339416667,0.478083333,0.455666667,0.483638889
Uganda,0,-0.155083333,0.269583333,0.282916667,0.251,0.468916667,0.209166667,-0.070416667,-0.064666667,0.48625,0.361416667,0.165833333,0.24475,0.463708333
Ukraine,0,-0.377666667,0.060833333,-1.096666667,-0.465833333,-0.399,-0.861666667,0.739083333,0.243416667,0.112166667,0.136666667,-0.5255,-0.025666667,1.597166667
United Arab Emirates,0,0.131833333,0.18025,0.350583333,0.22625,0.115166667,0.106333333,0.278333333,-0.19275,0.249916667,0.793583333,0.327666667,0.548083333,0.492875
United Kingdom (Europe),0,-0.276833333,0.340333333,0.379,0.327166667,0.281833333,0.563333333,0.455666667,-0.0605,0.065083333,-1.085666667,0.519666667,-0.380333333,-0.45725
United Kingdom,0,-0.239583333,0.3,0.362416667,0.357666667,0.275583333,0.56375,0.417833333,-0.031416667,0.073666667,-0.985333333,0.52825,-0.34225,-0.382166667
United States,0,0.135833333,0.166416667,0.105333333,0.01775,0.242916667,0.32475,0.18775,-0.698333333,-0.512666667,-0.144166667,-0.099833333,0.611333333,1.647361111
Uruguay,0,0.8175,0.237166667,-0.152083333,0.304083333,0.437666667,0.483666667,-0.240583333,0.52375,0.114583333,0.163333333,0.067833333,0.75225,-1.002375
Uzbekistan,0,0.059166667,-0.066916667,-0.781166667,0.503166667,0.105166667,-0.152583333,-0.0105,-0.629833333,-0.2385,0.387083333,-0.79775,-0.794666667,2.249416667
Venezuela,0,0.382833333,0.383666667,0.619833333,0.429333333,0.630916667,0.461416667,0.465583333,0.25975,0.696416667,0.76175,0.288833333,0.300083333,0.524375
Vietnam,0,0.203,0.411833333,0.515833333,0.075,0.316083333,0.541166667,0.32025,-0.197916667,0.483666667,0.851416667,-0.289333333,0.722416667,1.250208333
Virgin Islands,0,0.402583333,0.56725,0.646,0.298666667,0.694083333,0.64425,0.739416667,0.193416667,0.507916667,0.863083333,0.428666667,0.629583333,0.58175
Western Sahara,0,0.684833333,0.43775,0.388833333,0.400583333,0.487583333,0.42175,0.125333333,0.303,0.361,1.094166667,0.381166667,0.283333333,0.724166667
Yemen,0,-0.36725,-0.311,-0.078416667,-0.102083333,-0.1415,-0.261166667,-0.125416667,-0.628666667,-0.09375,-0.133416667,-0.147916667,0.008833333,0.693583333
Zambia,0,0.243666667,0.733666667,0.598,0.209333333,1.25475,0.2255,0.27975,-0.022916667,0.1115,0.70875,0.212833333,0.139,-0.36275
Zimbabwe,0,0.544666667,0.932083333,0.74225,0.181916667,1.360916667,0.46975,0.45525,0.396583333,0.22825,0.83725,0.453416667,0.372333333,-0.43825
